Electrolyte,T_Celsius,c_mol_kg,kappa
KCl,5.0,0.000100,0.009464
KCl,10.0,0.000100,0.01074
KCl,25.0,0.000100,0.01487
KCl,35.0,0.000100,0.01786
KCl,45.0,0.000100,0.02105
KCl,70.0,0.000100,0.02969
KCl,90.0,0.000100,0.03716
KCl,5.0,0.001000,0.09198
KCl,10.0,0.001000,0.1050
KCl,25.0,0.001000,0.1471
KCl,35.0,0.001000,0.1773
KCl,45.0,0.001000,0.2070
KCl,70.0,0.001000,0.2897
KCl,90.0,0.001000,0.3587
KCl,5.0,0.01000,0.8910
KCl,10.0,0.01000,1.014
KCl,25.0,0.01000,1.408
KCl,35.0,0.01000,1.688
KCl,45.0,0.01000,1.977
KCl,70.0,0.01000,2.761
KCl,90.0,0.01000,3.426
KCl,5.0,0.10000,8.184
KCl,10.0,0.10000,9.292
KCl,25.0,0.10000,12.83
KCl,35.0,0.10000,15.32
KCl,45.0,0.10000,17.88
KCl,70.0,0.10000,24.71
KCl,90.0,0.10000,30.86
KCl,5.0,0.5000,38.75
KCl,10.0,0.5000,43.75
KCl,25.0,0.5000,59.20
KCl,35.0,0.5000,69.81
KCl,45.0,0.5000,81.07
KCl,70.0,0.5000,112.3
KCl,90.0,0.5000,134.8
KCl,5.0,1.000,72.03
KCl,10.0,1.000,80.84
KCl,25.0,1.000,108.6
KCl,35.0,1.000,128.0
KCl,45.0,1.000,147.7
KCl,70.0,1.000,202.5
KCl,90.0,1.000,245.8
NaCl,5.0,0.000104,0.008271
NaCl,10.0,0.000104,0.009431
NaCl,25.0,0.000104,0.01295
NaCl,35.0,0.000104,0.01610
NaCl,45.0,0.000104,0.01893
NaCl,70.0,0.000104,0.02693
NaCl,90.0,0.000104,0.03358
NaCl,5.0,0.000990,0.07531
NaCl,10.0,0.000990,0.08619
NaCl,25.0,0.000990,0.1224
NaCl,35.0,0.000990,0.1478
NaCl,45.0,0.000990,0.1747
NaCl,70.0,0.000990,0.2497
NaCl,90.0,0.000990,0.3126
NaCl,5.0,0.01000,0.7349
NaCl,10.0,0.01000,0.8395
NaCl,25.0,0.01000,1.185
NaCl,35.0,0.01000,1.425
NaCl,45.0,0.01000,1.694
NaCl,70.0,0.01000,2.418
NaCl,90.0,0.01000,3.029
NaCl,5.0,0.10000,6.588
NaCl,10.0,0.10000,7.505
NaCl,25.0,0.10000,10.60
NaCl,35.0,0.10000,12.77
NaCl,45.0,0.10000,15.05
NaCl,70.0,0.10000,21.48
NaCl,90.0,0.10000,26.91
NaCl,5.0,0.5000,29.48
NaCl,10.0,0.5000,33.48
NaCl,25.0,0.5000,46.52
NaCl,35.0,0.5000,56.25
NaCl,45.0,0.5000,66.24
NaCl,70.0,0.5000,93.50
NaCl,90.0,0.5000,116.8
NaCl,5.0,0.9999,54.44
NaCl,10.0,0.9999,61.23
NaCl,25.0,0.9999,84.30
NaCl,35.0,0.9999,101.9
NaCl,45.0,0.9999,119.4
NaCl,70.0,0.9999,168.0
NaCl,90.0,0.9999,209.4
HCl,5.0,0.000110,0.03313
HCl,10.0,0.000110,0.03683
HCl,25.0,0.000110,0.04665
HCl,35.0,0.000110,0.05310
HCl,45.0,0.000110,0.05973
HCl,70.0,0.000110,0.07487
HCl,90.0,0.000110,0.08461
HCl,5.0,0.000958,0.2800
HCl,10.0,0.000958,0.3088
HCl,25.0,0.000958,0.3978
HCl,35.0,0.000958,0.4565
HCl,45.0,0.000958,0.5121
HCl,70.0,0.000958,0.6414
HCl,90.0,0.000958,0.7325
HCl,5.0,0.00937,2.714
HCl,10.0,0.00937,3.001
HCl,25.0,0.00937,3.869
HCl,35.0,0.00937,4.408
HCl,45.0,0.00937,4.932
HCl,70.0,0.00937,6.227
HCl,90.0,0.00937,7.132
HCl,5.0,0.09398,26.04
HCl,10.0,0.09398,28.72
HCl,25.0,0.09398,36.84
HCl,35.0,0.09398,41.90
HCl,45.0,0.09398,46.73
HCl,70.0,0.09398,58.72
HCl,90.0,0.09398,67.22
HCl,5.0,0.4603,119.8
HCl,10.0,0.4603,131.4
HCl,25.0,0.4603,166.9
HCl,35.0,0.4603,189.7
HCl,45.0,0.4603,210.9
HCl,70.0,0.4603,262.3
HCl,90.0,0.4603,298.7
HCl,5.0,0.8500,202.0
HCl,10.0,0.8500,220.6
HCl,25.0,0.8500,279.0
HCl,35.0,0.8500,315.3
HCl,45.0,0.8500,349.5
HCl,70.0,0.8500,434.5
HCl,90.0,0.8500,482.4
LiCl,5.0,0.000085,0.005986
LiCl,10.0,0.000085,0.006826
LiCl,25.0,0.000085,0.009588
LiCl,35.0,0.000085,0.01170
LiCl,45.0,0.000085,0.01388
LiCl,70.0,0.000085,0.01978
LiCl,90.0,0.000085,0.02483
LiCl,5.0,0.000952,0.06496
LiCl,10.0,0.000952,0.07487
LiCl,25.0,0.000952,0.1069
LiCl,35.0,0.000952,0.1311
LiCl,45.0,0.000952,0.1528
LiCl,70.0,0.000952,0.2191
LiCl,90.0,0.000952,0.2774
LiCl,5.0,0.00845,0.5562
LiCl,10.0,0.00845,0.6414
LiCl,25.0,0.00845,0.9167
LiCl,35.0,0.00845,1.123
LiCl,45.0,0.00845,1.315
LiCl,70.0,0.00845,1.886
LiCl,90.0,0.00845,2.366
LiCl,5.0,0.09523,5.516
LiCl,10.0,0.09523,6.326
LiCl,25.0,0.09523,9.019
LiCl,35.0,0.09523,10.99
LiCl,45.0,0.09523,12.76
LiCl,70.0,0.09523,18.09
LiCl,90.0,0.09523,22.57
LiCl,5.0,0.9613,43.17
LiCl,10.0,0.9613,49.86
LiCl,25.0,0.9613,71.30
LiCl,35.0,0.9613,83.50
LiCl,45.0,0.9613,97.94
LiCl,70.0,0.9613,126.4
LiCl,90.0,0.9613,155.7
CsCl,5.0,0.000106,0.01018
CsCl,10.0,0.000106,0.01151
CsCl,25.0,0.000106,0.01597
CsCl,35.0,0.000106,0.01917
CsCl,45.0,0.000106,0.02242
CsCl,70.0,0.000106,0.03135
CsCl,90.0,0.000106,0.04007
CsCl,5.0,0.00101,0.09529
CsCl,10.0,0.00101,0.1089
CsCl,25.0,0.00101,0.1510
CsCl,35.0,0.00101,0.1817
CsCl,45.0,0.00101,0.2103
CsCl,70.0,0.00101,0.2930
CsCl,90.0,0.00101,0.3658
CsCl,5.0,0.01058,0.9738
CsCl,10.0,0.01058,1.107
CsCl,25.0,0.01058,1.539
CsCl,35.0,0.01058,1.850
CsCl,45.0,0.01058,2.142
CsCl,70.0,0.01058,2.972
CsCl,90.0,0.01058,3.702
CsCl,5.0,0.1009,8.548
CsCl,10.0,0.1009,9.735
CsCl,25.0,0.1009,13.46
CsCl,35.0,0.1009,16.14
CsCl,45.0,0.1009,18.59
CsCl,70.0,0.1009,26.04
CsCl,90.0,0.1009,31.07
CsCl,5.0,0.4763,37.54
CsCl,10.0,0.4763,42.56
CsCl,25.0,0.4763,57.62
CsCl,35.0,0.4763,68.16
CsCl,45.0,0.4763,79.17
CsCl,70.0,0.4763,110.1
CsCl,90.0,0.4763,132.3
CsCl,5.0,1.090,83.03
CsCl,10.0,1.090,93.55
CsCl,25.0,1.090,122.9
CsCl,35.0,1.090,142.5
CsCl,45.0,1.090,165.5
CsCl,70.0,1.090,229.8
CsCl,90.0,1.090,268.7
NH4Cl,5.0,0.000977,0.08892
NH4Cl,10.0,0.000977,0.1017
NH4Cl,25.0,0.000977,0.1441
NH4Cl,35.0,0.000977,0.1738
NH4Cl,45.0,0.000977,0.2024
NH4Cl,70.0,0.000977,0.2870
NH4Cl,90.0,0.000977,0.3591
NH4Cl,5.0,0.00965,0.8560
NH4Cl,10.0,0.00965,0.9786
NH4Cl,25.0,0.00965,1.381
NH4Cl,35.0,0.00965,1.671
NH4Cl,45.0,0.00965,1.938
NH4Cl,70.0,0.00965,2.731
NH4Cl,90.0,0.00965,3.363
NH4Cl,5.0,0.09765,7.999
NH4Cl,10.0,0.09765,9.148
NH4Cl,25.0,0.09765,12.76
NH4Cl,35.0,0.09765,15.45
NH4Cl,45.0,0.09765,18.01
NH4Cl,70.0,0.09765,25.35
NH4Cl,90.0,0.09765,31.42
NH4Cl,5.0,0.4735,35.42
NH4Cl,10.0,0.4735,40.27
NH4Cl,25.0,0.4735,55.25
NH4Cl,35.0,0.4735,65.77
NH4Cl,45.0,0.4735,76.91
NH4Cl,70.0,0.4735,107.5
NH4Cl,90.0,0.4735,132.6
NH4Cl,5.0,1.034,73.01
NH4Cl,10.0,1.034,82.93
NH4Cl,25.0,1.034,111.2
NH4Cl,35.0,1.034,131.3
NH4Cl,45.0,1.034,153.6
NH4Cl,70.0,1.034,215.5
NH4Cl,90.0,1.034,253.5
CaCl2,5.0,0.000076,0.01256
CaCl2,10.0,0.000076,0.01432
CaCl2,25.0,0.000076,0.01998
CaCl2,35.0,0.000076,0.02384
CaCl2,45.0,0.000076,0.02814
CaCl2,70.0,0.000076,0.04073
CaCl2,90.0,0.000076,0.0517
CaCl2,5.0,0.000755,0.1195
CaCl2,10.0,0.000755,0.1369
CaCl2,25.0,0.000755,0.1945
CaCl2,35.0,0.000755,0.2351
CaCl2,45.0,0.000755,0.2784
CaCl2,70.0,0.000755,0.3992
CaCl2,90.0,0.000755,0.5001
CaCl2,5.0,0.00755,1.103
CaCl2,10.0,0.00755,1.263
CaCl2,25.0,0.00755,1.792
CaCl2,35.0,0.00755,2.160
CaCl2,45.0,0.00755,2.547
CaCl2,70.0,0.00755,3.636
CaCl2,90.0,0.00755,4.547
CaCl2,5.0,0.07550,9.331
CaCl2,10.0,0.07550,10.62
CaCl2,25.0,0.07550,14.96
CaCl2,35.0,0.07550,17.93
CaCl2,45.0,0.07550,21.10
CaCl2,70.0,0.07550,29.82
CaCl2,90.0,0.07550,36.94
CaCl2,5.0,0.3773,41.79
CaCl2,10.0,0.3773,47.30
CaCl2,25.0,0.3773,65.31
CaCl2,35.0,0.3773,77.92
CaCl2,45.0,0.3773,90.92
CaCl2,70.0,0.3773,126.6
CaCl2,90.0,0.3773,155.8
MgCl2,5.0,0.000119,0.01861
MgCl2,10.0,0.000119,0.02134
MgCl2,25.0,0.000119,0.02989
MgCl2,35.0,0.000119,0.03553
MgCl2,45.0,0.000119,0.04209
MgCl2,70.0,0.000119,0.06086
MgCl2,90.0,0.000119,0.07640
MgCl2,5.0,0.000984,0.1481
MgCl2,10.0,0.000984,0.1700
MgCl2,25.0,0.000984,0.2432
MgCl2,35.0,0.000984,0.2937
MgCl2,45.0,0.000984,0.3478
MgCl2,70.0,0.000984,0.5010
MgCl2,90.0,0.000984,0.6265
MgCl2,5.0,0.01137,1.537
MgCl2,10.0,0.01137,1.760
MgCl2,25.0,0.01137,2.503
MgCl2,35.0,0.01137,3.020
MgCl2,45.0,0.01137,3.534
MgCl2,70.0,0.01137,5.068
MgCl2,90.0,0.01137,6.347
MgCl2,5.0,0.09942,11.00
MgCl2,10.0,0.09942,12.56
MgCl2,25.0,0.09942,17.72
MgCl2,35.0,0.09942,21.37
MgCl2,45.0,0.09942,25.15
MgCl2,70.0,0.09942,35.75
MgCl2,90.0,0.09942,44.24
MgCl2,5.0,0.3609,34.49
MgCl2,10.0,0.3609,39.27
MgCl2,25.0,0.3609,54.91
MgCl2,35.0,0.3609,66.06
MgCl2,45.0,0.3609,77.53
MgCl2,70.0,0.3609,109.4
MgCl2,90.0,0.3609,136.0
BaCl2,5.0,0.000092,0.01632
BaCl2,10.0,0.000092,0.01880
BaCl2,25.0,0.000092,0.02597
BaCl2,35.0,0.000092,0.03085
BaCl2,45.0,0.000092,0.03626
BaCl2,70.0,0.000092,0.05187
BaCl2,90.0,0.000092,0.06436
BaCl2,5.0,0.00110,0.1799
BaCl2,10.0,0.00110,0.2060
BaCl2,25.0,0.00110,0.2897
BaCl2,35.0,0.00110,0.3508
BaCl2,45.0,0.00110,0.4141
BaCl2,70.0,0.00110,0.5911
BaCl2,90.0,0.00110,0.7372
BaCl2,5.0,0.00896,1.386
BaCl2,10.0,0.00896,1.585
BaCl2,25.0,0.00896,2.229
BaCl2,35.0,0.00896,2.681
BaCl2,45.0,0.00896,3.161
BaCl2,70.0,0.00896,4.493
BaCl2,90.0,0.00896,5.593
BaCl2,5.0,0.1029,13.66
BaCl2,10.0,0.1029,15.53
BaCl2,25.0,0.1029,21.67
BaCl2,35.0,0.1029,25.88
BaCl2,45.0,0.1029,30.34
BaCl2,70.0,0.1029,42.47
BaCl2,90.0,0.1029,48.14
BaCl2,5.0,0.3100,36.57
BaCl2,10.0,0.3100,41.27
BaCl2,25.0,0.3100,55.89
BaCl2,35.0,0.3100,67.94
BaCl2,45.0,0.3100,78.59
BaCl2,70.0,0.3100,103.2
BaCl2,90.0,0.3100,125.1
SrCl2,5.0,0.000125,0.02084
SrCl2,10.0,0.000125,0.02384
SrCl2,25.0,0.000125,0.03331
SrCl2,35.0,0.000125,0.03972
SrCl2,45.0,0.000125,0.04689
SrCl2,70.0,0.000125,0.06780
SrCl2,90.0,0.000125,0.08422
SrCl2,5.0,0.00141,0.2222
SrCl2,10.0,0.00141,0.2538
SrCl2,25.0,0.00141,0.3603
SrCl2,35.0,0.00141,0.4353
SrCl2,45.0,0.00141,0.5151
SrCl2,70.0,0.00141,0.7369
SrCl2,90.0,0.00141,0.9235
SrCl2,5.0,0.01200,1.807
SrCl2,10.0,0.01200,2.072
SrCl2,25.0,0.01200,2.926
SrCl2,35.0,0.01200,3.531
SrCl2,45.0,0.01200,4.164
SrCl2,70.0,0.01200,5.927
SrCl2,90.0,0.01200,7.383
SrCl2,5.0,0.1313,16.63
SrCl2,10.0,0.1313,18.92
SrCl2,25.0,0.1313,26.46
SrCl2,35.0,0.1313,31.74
SrCl2,45.0,0.1313,37.19
SrCl2,70.0,0.1313,52.29
SrCl2,90.0,0.1313,61.84
SrCl2,5.0,0.3891,41.94
SrCl2,10.0,0.3891,47.51
SrCl2,25.0,0.3891,64.57
SrCl2,35.0,0.3891,77.97
SrCl2,45.0,0.3891,90.74
SrCl2,70.0,0.3891,125.1
SrCl2,90.0,0.3891,153.8
Na2SO4,5.0,0.000100,0.01565
Na2SO4,10.0,0.000100,0.01807
Na2SO4,25.0,0.000100,0.02576
Na2SO4,35.0,0.000100,0.03181
Na2SO4,45.0,0.000100,0.03786
Na2SO4,70.0,0.000100,0.05401
Na2SO4,90.0,0.000100,0.06763
Na2SO4,5.0,0.00100,0.1463
Na2SO4,10.0,0.00100,0.1680
Na2SO4,25.0,0.00100,0.2415
Na2SO4,35.0,0.00100,0.2920
Na2SO4,45.0,0.00100,0.3475
Na2SO4,70.0,0.00100,0.5015
Na2SO4,90.0,0.00100,0.6330
Na2SO4,5.0,0.01000,1.296
Na2SO4,10.0,0.01000,1.488
Na2SO4,25.0,0.01000,2.128
Na2SO4,35.0,0.01000,2.575
Na2SO4,45.0,0.01000,3.049
Na2SO4,70.0,0.01000,4.381
Na2SO4,90.0,0.01000,5.474
Na2SO4,5.0,0.1001,10.00
Na2SO4,10.0,0.1001,11.48
Na2SO4,25.0,0.1001,16.39
Na2SO4,35.0,0.1001,19.86
Na2SO4,45.0,0.1001,23.47
Na2SO4,70.0,0.1001,33.47
Na2SO4,90.0,0.1001,41.70
Na2SO4,5.0,0.1989,17.56
Na2SO4,10.0,0.1989,20.22
Na2SO4,25.0,0.1989,28.82
Na2SO4,35.0,0.1989,35.08
Na2SO4,45.0,0.1989,41.53
Na2SO4,70.0,0.1989,59.46
Na2SO4,90.0,0.1989,74.30
Na2SO4,5.0,0.4999,33.83
Na2SO4,10.0,0.4999,38.54
Na2SO4,25.0,0.4999,54.70
Na2SO4,35.0,0.4999,67.08
Na2SO4,45.0,0.4999,79.54
Na2SO4,70.0,0.4999,113.9
Na2SO4,90.0,0.4999,137.0
K2SO4,5.0,0.000102,0.01969
K2SO4,10.0,0.000102,0.02257
K2SO4,25.0,0.000102,0.03175
K2SO4,35.0,0.000102,0.03884
K2SO4,45.0,0.000102,0.04575
K2SO4,70.0,0.000102,0.06401
K2SO4,90.0,0.000102,0.08
K2SO4,5.0,0.00105,0.1881
K2SO4,10.0,0.00105,0.2141
K2SO4,25.0,0.00105,0.3006
K2SO4,35.0,0.00105,0.3611
K2SO4,45.0,0.00105,0.4268
K2SO4,70.0,0.00105,0.6018
K2SO4,90.0,0.00105,0.7466
K2SO4,5.0,0.01061,1.685
K2SO4,10.0,0.01061,1.919
K2SO4,25.0,0.01061,2.675
K2SO4,35.0,0.01061,3.216
K2SO4,45.0,0.01061,3.765
K2SO4,70.0,0.01061,5.269
K2SO4,90.0,0.01061,6.441
K2SO4,5.0,0.1048,13.41
K2SO4,10.0,0.1048,15.23
K2SO4,25.0,0.1048,21.10
K2SO4,35.0,0.1048,25.16
K2SO4,45.0,0.1048,29.40
K2SO4,70.0,0.1048,40.64
K2SO4,90.0,0.1048,49.57
K2SO4,5.0,0.2029,23.62
K2SO4,10.0,0.2029,26.72
K2SO4,25.0,0.2029,37.05
K2SO4,35.0,0.2029,44.09
K2SO4,45.0,0.2029,51.38
K2SO4,70.0,0.2029,70.99
K2SO4,90.0,0.2029,87.22
K2SO4,5.0,0.4783,51.51
K2SO4,10.0,0.4783,57.80
K2SO4,25.0,0.4783,78.01
K2SO4,35.0,0.4783,92.98
K2SO4,45.0,0.4783,108.0
K2SO4,70.0,0.4783,149.1
K2SO4,90.0,0.4783,179.7
CaSO4,5.0,0.000076,0.01230
CaSO4,10.0,0.000076,0.01409
CaSO4,25.0,0.000076,0.01963
CaSO4,35.0,0.000076,0.02529
CaSO4,45.0,0.000076,0.03011
CaSO4,70.0,0.000076,0.04223
CaSO4,90.0,0.000076,0.05363
CaSO4,5.0,0.00102,0.1397
CaSO4,10.0,0.00102,0.1601
CaSO4,25.0,0.00102,0.2275
CaSO4,35.0,0.00102,0.2808
CaSO4,45.0,0.00102,0.325
CaSO4,70.0,0.00102,0.4537
CaSO4,90.0,0.00102,0.5546
CaSO4,5.0,0.01245,1.154
CaSO4,10.0,0.01245,1.331
CaSO4,25.0,0.01245,1.850
CaSO4,35.0,0.01245,2.255
CaSO4,45.0,0.01245,2.573
CaSO4,70.0,0.01245,3.419
CaSO4,90.0,0.01245,3.973
H2SO4,5.0,0.000094,0.05493
H2SO4,10.0,0.000094,0.06105
H2SO4,25.0,0.000094,0.07827
H2SO4,35.0,0.000094,0.08931
H2SO4,45.0,0.000094,0.09949
H2SO4,70.0,0.000094,0.1221
H2SO4,90.0,0.000094,0.1367
H2SO4,5.0,0.000936,0.5201
H2SO4,10.0,0.000936,0.5749
H2SO4,25.0,0.000936,0.7292
H2SO4,35.0,0.000936,0.8174
H2SO4,45.0,0.000936,0.9001
H2SO4,70.0,0.000936,1.026
H2SO4,90.0,0.000936,1.058
H2SO4,5.0,0.00944,4.321
H2SO4,10.0,0.00944,4.729
H2SO4,25.0,0.00944,5.772
H2SO4,35.0,0.00944,6.319
H2SO4,45.0,0.00944,6.759
H2SO4,70.0,0.00944,7.372
H2SO4,90.0,0.00944,7.698
H2SO4,5.0,0.09223,31.20
H2SO4,10.0,0.09223,34.44
H2SO4,25.0,0.09223,41.30
H2SO4,35.0,0.09223,45.25
H2SO4,45.0,0.09223,48.85
H2SO4,70.0,0.09223,55.75
H2SO4,90.0,0.09223,61.59
H2SO4,5.0,0.4664,134.6
H2SO4,10.0,0.4664,145.0
H2SO4,25.0,0.4664,173.7
H2SO4,35.0,0.4664,193.4
H2SO4,45.0,0.4664,209.6
H2SO4,70.0,0.4664,256.2
H2SO4,90.0,0.4664,280.5
Cs2SO4,5.0,0.000101,0.01962
Cs2SO4,10.0,0.000101,0.02237
Cs2SO4,25.0,0.000101,0.03069
Cs2SO4,35.0,0.000101,0.03625
Cs2SO4,45.0,0.000101,0.04233
Cs2SO4,70.0,0.000101,0.06348
Cs2SO4,90.0,0.000101,0.07804
Cs2SO4,5.0,0.00105,0.1932
Cs2SO4,10.0,0.00105,0.2195
Cs2SO4,25.0,0.00105,0.3060
Cs2SO4,35.0,0.00105,0.3666
Cs2SO4,45.0,0.00105,0.4304
Cs2SO4,70.0,0.00105,0.6181
Cs2SO4,90.0,0.00105,0.7641
Cs2SO4,5.0,0.01021,1.676
Cs2SO4,10.0,0.01021,1.906
Cs2SO4,25.0,0.01021,2.654
Cs2SO4,35.0,0.01021,3.173
Cs2SO4,45.0,0.01021,3.716
Cs2SO4,70.0,0.01021,5.216
Cs2SO4,90.0,0.01021,6.438
Cs2SO4,5.0,0.1047,13.58
Cs2SO4,10.0,0.1047,15.39
Cs2SO4,25.0,0.1047,21.24
Cs2SO4,35.0,0.1047,25.29
Cs2SO4,45.0,0.1047,29.58
Cs2SO4,70.0,0.1047,40.94
Cs2SO4,90.0,0.1047,50.22
Cs2SO4,5.0,0.1836,22.40
Cs2SO4,10.0,0.1836,25.28
Cs2SO4,25.0,0.1836,34.68
Cs2SO4,35.0,0.1836,41.19
Cs2SO4,45.0,0.1836,47.92
Cs2SO4,70.0,0.1836,65.90
Cs2SO4,90.0,0.1836,80.00
Cs2SO4,5.0,0.3588,40.83
Cs2SO4,10.0,0.3588,45.80
Cs2SO4,25.0,0.3588,62.04
Cs2SO4,35.0,0.3588,73.20
Cs2SO4,45.0,0.3588,84.63
Cs2SO4,70.0,0.3588,115.8
Cs2SO4,90.0,0.3588,137.3
KHSO4,5.0,0.000161,0.06027
KHSO4,10.0,0.000161,0.06684
KHSO4,25.0,0.000161,0.08772
KHSO4,35.0,0.000161,0.1017
KHSO4,45.0,0.000161,0.1154
KHSO4,70.0,0.000161,0.1478
KHSO4,90.0,0.000161,0.1675
KHSO4,5.0,0.000981,0.3588
KHSO4,10.0,0.000981,0.3981
KHSO4,25.0,0.000981,0.5156
KHSO4,35.0,0.000981,0.5895
KHSO4,45.0,0.000981,0.6564
KHSO4,70.0,0.000981,0.7958
KHSO4,90.0,0.000981,0.8540
KHSO4,5.0,0.01608,4.635
KHSO4,10.0,0.01608,5.067
KHSO4,25.0,0.01608,6.230
KHSO4,35.0,0.01608,6.784
KHSO4,45.0,0.01608,7.238
KHSO4,70.0,0.01608,7.958
KHSO4,90.0,0.01608,8.195
KHSO4,5.0,0.09815,21.41
KHSO4,10.0,0.09815,23.18
KHSO4,25.0,0.09815,27.91
KHSO4,35.0,0.09815,29.98
KHSO4,45.0,0.09815,31.57
KHSO4,70.0,0.09815,34.69
KHSO4,90.0,0.09815,36.65
KHSO4,5.0,0.2291,43.79
KHSO4,10.0,0.2291,47.28
KHSO4,25.0,0.2291,57.10
KHSO4,35.0,0.2291,61.37
KHSO4,45.0,0.2291,64.56
KHSO4,70.0,0.2291,71.59
KHSO4,90.0,0.2291,76.99
KHCO3,5.0,0.001000,0.07403
KHCO3,10.0,0.001000,0.08340
KHCO3,25.0,0.001000,0.1179
KHCO3,35.0,0.001000,0.1416
KHCO3,45.0,0.001000,0.1673
KHCO3,70.0,0.001000,0.2401
KHCO3,90.0,0.001000,0.3038
KHCO3,5.0,0.00992,0.6870
KHCO3,10.0,0.00992,0.7877
KHCO3,25.0,0.00992,1.107
KHCO3,35.0,0.00992,1.335
KHCO3,45.0,0.00992,1.573
KHCO3,70.0,0.00992,2.237
KHCO3,90.0,0.00992,2.794
KHCO3,5.0,0.09998,6.141
KHCO3,10.0,0.09998,7.003
KHCO3,25.0,0.09998,9.852
KHCO3,35.0,0.09998,11.76
KHCO3,45.0,0.09998,13.83
KHCO3,70.0,0.09998,19.63
KHCO3,90.0,0.09998,24.46
KHCO3,5.0,0.5001,26.64
KHCO3,10.0,0.5001,30.31
KHCO3,25.0,0.5001,42.06
KHCO3,35.0,0.5001,50.66
KHCO3,45.0,0.5001,59.40
KHCO3,70.0,0.5001,83.91
KHCO3,90.0,0.5001,104.9
KHCO3,5.0,0.9999,47.48
KHCO3,10.0,0.9999,53.58
KHCO3,25.0,0.9999,73.65
KHCO3,35.0,0.9999,88.02
KHCO3,45.0,0.9999,103.1
KHCO3,70.0,0.9999,143.0
KHCO3,90.0,0.9999,179.3
K2CO3,5.0,0.00132,0.2129
K2CO3,10.0,0.00132,0.2471
K2CO3,25.0,0.00132,0.3642
K2CO3,35.0,0.00132,0.4390
K2CO3,45.0,0.00132,0.5331
K2CO3,70.0,0.00132,0.7921
K2CO3,90.0,0.00132,0.9755
K2CO3,5.0,0.01048,1.568
K2CO3,10.0,0.01048,1.809
K2CO3,25.0,0.01048,2.575
K2CO3,35.0,0.01048,3.146
K2CO3,45.0,0.01048,3.758
K2CO3,70.0,0.01048,5.522
K2CO3,90.0,0.01048,6.987
K2CO3,5.0,0.1319,15.89
K2CO3,10.0,0.1319,18.15
K2CO3,25.0,0.1319,25.42
K2CO3,35.0,0.1319,30.54
K2CO3,45.0,0.1319,35.90
K2CO3,70.0,0.1319,50.98
K2CO3,90.0,0.1319,63.45
K2CO3,5.0,0.3525,38.00
K2CO3,10.0,0.3525,43.05
K2CO3,25.0,0.3525,59.42
K2CO3,35.0,0.3525,71.15
K2CO3,45.0,0.3525,83.19
K2CO3,70.0,0.3525,116.0
K2CO3,90.0,0.3525,143.1
NaHCO3,5.0,0.00121,0.06911
NaHCO3,10.0,0.00121,0.08034
NaHCO3,25.0,0.00121,0.1162
NaHCO3,35.0,0.00121,0.1437
NaHCO3,45.0,0.00121,0.1703
NaHCO3,70.0,0.00121,0.2506
NaHCO3,90.0,0.00121,0.3284
NaHCO3,5.0,0.01187,0.6467
NaHCO3,10.0,0.01187,0.7485
NaHCO3,25.0,0.01187,1.086
NaHCO3,35.0,0.01187,1.346
NaHCO3,45.0,0.01187,1.589
NaHCO3,70.0,0.01187,2.340
NaHCO3,90.0,0.01187,3.056
NaHCO3,5.0,0.1223,5.728
NaHCO3,10.0,0.1223,6.641
NaHCO3,25.0,0.1223,9.60
NaHCO3,35.0,0.1223,11.77
NaHCO3,45.0,0.1223,13.95
NaHCO3,70.0,0.1223,20.44
NaHCO3,90.0,0.1223,24.57
NaHCO3,5.0,0.7226,26.34
NaHCO3,10.0,0.7226,30.55
NaHCO3,25.0,0.7226,43.83
NaHCO3,35.0,0.7226,53.46
NaHCO3,45.0,0.7226,64.10
NaHCO3,70.0,0.7226,94.04
NaHCO3,90.0,0.7226,113.9
Na2CO3,5.0,0.000912,0.1348
Na2CO3,10.0,0.000912,0.1603
Na2CO3,25.0,0.000912,0.2439
Na2CO3,35.0,0.000912,0.2888
Na2CO3,45.0,0.000912,0.3495
Na2CO3,70.0,0.000912,0.5196
Na2CO3,90.0,0.000912,0.6513
Na2CO3,5.0,0.01031,1.285
Na2CO3,10.0,0.01031,1.491
Na2CO3,25.0,0.01031,2.182
Na2CO3,35.0,0.01031,2.684
Na2CO3,45.0,0.01031,3.237
Na2CO3,70.0,0.01031,4.867
Na2CO3,90.0,0.01031,6.187
Na2CO3,5.0,0.09334,8.860
Na2CO3,10.0,0.09334,10.24
Na2CO3,25.0,0.09334,14.86
Na2CO3,35.0,0.09334,18.22
Na2CO3,45.0,0.09334,21.82
Na2CO3,70.0,0.09334,32.22
Na2CO3,90.0,0.09334,41.17
Na2CO3,5.0,0.3041,23.24
Na2CO3,10.0,0.3041,26.85
Na2CO3,25.0,0.3041,38.93
Na2CO3,35.0,0.3041,47.81
Na2CO3,45.0,0.3041,57.13
Na2CO3,70.0,0.3041,83.62
Na2CO3,90.0,0.3041,106.4
NaOH,5.0,0.00100,0.1671
NaOH,10.0,0.00100,0.1919
NaOH,25.0,0.00100,0.2459
NaOH,35.0,0.00100,0.2833
NaOH,45.0,0.00100,0.3327
NaOH,70.0,0.00100,0.4401
NaOH,90.0,0.00100,0.5213
NaOH,5.0,0.01000,1.596
NaOH,10.0,0.01000,1.793
NaOH,25.0,0.01000,2.414
NaOH,35.0,0.01000,2.784
NaOH,45.0,0.01000,3.201
NaOH,70.0,0.01000,4.294
NaOH,90.0,0.01000,5.115
NaOH,5.0,0.1000,14.98
NaOH,10.0,0.1000,16.77
NaOH,25.0,0.1000,22.51
NaOH,35.0,0.1000,26.35
NaOH,45.0,0.1000,30.26
NaOH,70.0,0.1000,40.62
NaOH,90.0,0.1000,48.61
NaOH,5.0,0.5000,66.39
NaOH,10.0,0.5000,74.17
NaOH,25.0,0.5000,98.75
NaOH,35.0,0.5000,115.9
NaOH,45.0,0.5000,132.5
NaOH,70.0,0.5000,177.2
NaOH,90.0,0.5000,206.3
NaOH,5.0,1.000,121.3
NaOH,10.0,1.000,135.0
NaOH,25.0,1.000,180.1
NaOH,35.0,1.000,211.9
NaOH,45.0,1.000,243.8
NaOH,70.0,1.000,327.4
NaOH,90.0,1.000,366.6
NaF,5.0,0.000088,0.005802
NaF,10.0,0.000088,0.006955
NaF,25.0,0.000088,0.009523
NaF,35.0,0.000088,0.01220
NaF,45.0,0.000088,0.01433
NaF,70.0,0.000088,0.02014
NaF,90.0,0.000088,0.02517
NaF,5.0,0.000920,0.06016
NaF,10.0,0.000920,0.06909
NaF,25.0,0.000920,0.09683
NaF,35.0,0.000920,0.1152
NaF,45.0,0.000920,0.1398
NaF,70.0,0.000920,0.2009
NaF,90.0,0.000920,0.2474
NaF,5.0,0.00878,0.5214
NaF,10.0,0.00878,0.5994
NaF,25.0,0.00878,0.8551
NaF,35.0,0.00878,1.038
NaF,45.0,0.00878,1.234
NaF,70.0,0.00878,1.798
NaF,90.0,0.00878,2.270
NaF,5.0,0.09060,4.638
NaF,10.0,0.09060,5.338
NaF,25.0,0.09060,7.669
NaF,35.0,0.09060,9.341
NaF,45.0,0.09060,11.12
NaF,70.0,0.09060,16.21
NaF,90.0,0.09060,20.42
NaF,5.0,0.4176,19.17
NaF,10.0,0.4176,22.01
NaF,25.0,0.4176,31.51
NaF,35.0,0.4176,38.24
NaF,45.0,0.4176,45.47
NaF,70.0,0.4176,65.70
NaF,90.0,0.4176,81.37
NaF,5.0,0.8404,34.32
NaF,10.0,0.8404,39.15
NaF,25.0,0.8404,55.79
NaF,35.0,0.8404,67.91
NaF,45.0,0.8404,74.78
NaF,70.0,0.8404,113.7
NaF,90.0,0.8404,145.4
KF,5.0,0.000325,0.02576
KF,10.0,0.000325,0.02933
KF,25.0,0.000325,0.04125
KF,35.0,0.000325,0.05036
KF,45.0,0.000325,0.05965
KF,70.0,0.000325,0.08448
KF,90.0,0.000325,0.1046
KF,5.0,0.00109,0.08262
KF,10.0,0.00109,0.09509
KF,25.0,0.00109,0.1357
KF,35.0,0.00109,0.1642
KF,45.0,0.00109,0.1929
KF,70.0,0.00109,0.2734
KF,90.0,0.00109,0.3426
KF,5.0,0.03500,2.417
KF,10.0,0.03500,2.829
KF,25.0,0.03500,3.939
KF,35.0,0.03500,4.778
KF,45.0,0.03500,5.576
KF,70.0,0.03500,7.954
KF,90.0,0.03500,9.964
KF,5.0,0.1100,7.375
KF,10.0,0.1100,8.455
KF,25.0,0.1100,11.95
KF,35.0,0.1100,14.45
KF,45.0,0.1100,16.92
KF,70.0,0.1100,24.09
KF,90.0,0.1100,30.04
KF,5.0,0.5200,30.23
KF,10.0,0.5200,34.35
KF,25.0,0.5200,48.04
KF,35.0,0.5200,57.71
KF,45.0,0.5200,68.01
KF,70.0,0.5200,96.83
KF,90.0,0.5200,118.6
KF,5.0,0.9900,52.72
KF,10.0,0.9900,60.34
KF,25.0,0.9900,82.75
KF,35.0,0.9900,99.07
KF,45.0,0.9900,117.5
KF,70.0,0.9900,168.5
KF,90.0,0.9900,201.3
KBr,5.0,0.000099,0.009344
KBr,10.0,0.000099,0.01066
KBr,25.0,0.000099,0.01469
KBr,35.0,0.000099,0.0175
KBr,45.0,0.000099,0.02072
KBr,70.0,0.000099,0.02896
KBr,90.0,0.000099,0.03522
KBr,5.0,0.000975,0.09114
KBr,10.0,0.000975,0.1037
KBr,25.0,0.000975,0.1441
KBr,35.0,0.000975,0.1716
KBr,45.0,0.000975,0.2007
KBr,70.0,0.000975,0.2802
KBr,90.0,0.000975,0.3430
KBr,5.0,0.00987,0.8994
KBr,10.0,0.00987,1.022
KBr,25.0,0.00987,1.417
KBr,35.0,0.00987,1.689
KBr,45.0,0.00987,1.974
KBr,70.0,0.00987,2.761
KBr,90.0,0.00987,3.376
KBr,5.0,0.09755,8.252
KBr,10.0,0.09755,9.355
KBr,25.0,0.09755,12.90
KBr,35.0,0.09755,15.35
KBr,45.0,0.09755,17.87
KBr,70.0,0.09755,24.91
KBr,90.0,0.09755,29.52
KBr,5.0,1.210,84.09
KBr,10.0,1.210,93.63
KBr,25.0,1.210,124.5
KBr,35.0,1.210,145.4
KBr,45.0,1.210,167.2
KBr,70.0,1.210,224.6
KBr,90.0,1.210,262.8
KNO3,5.0,0.000103,0.009389
KNO3,10.0,0.000103,0.01073
KNO3,25.0,0.000103,0.01486
KNO3,35.0,0.000103,0.01798
KNO3,45.0,0.000103,0.02048
KNO3,70.0,0.000103,0.0283
KNO3,90.0,0.000103,0.03480
KNO3,5.0,0.000997,0.08901
KNO3,10.0,0.000997,0.1015
KNO3,25.0,0.000997,0.1411
KNO3,35.0,0.000997,0.1701
KNO3,45.0,0.000997,0.1956
KNO3,70.0,0.000997,0.2717
KNO3,90.0,0.000997,0.3380
KNO3,5.0,0.01026,0.8740
KNO3,10.0,0.01026,0.9971
KNO3,25.0,0.01026,1.385
KNO3,35.0,0.01026,1.664
KNO3,45.0,0.01026,1.919
KNO3,70.0,0.01026,2.666
KNO3,90.0,0.01026,3.287
KNO3,5.0,0.09972,7.601
KNO3,10.0,0.09972,8.658
KNO3,25.0,0.09972,12.01
KNO3,35.0,0.09972,14.40
KNO3,45.0,0.09972,16.69
KNO3,70.0,0.09972,23.42
KNO3,90.0,0.09972,28.75
KNO3,5.0,0.4093,28.15
KNO3,10.0,0.4093,32.11
KNO3,25.0,0.4093,44.07
KNO3,35.0,0.4093,52.64
KNO3,45.0,0.4093,61.62
KNO3,70.0,0.4093,85.90
KNO3,90.0,0.4093,104.5
KNO3,5.0,0.7941,48.06
KNO3,10.0,0.7941,54.74
KNO3,25.0,0.7941,74.28
KNO3,35.0,0.7941,88.31
KNO3,45.0,0.7941,103.8
KNO3,70.0,0.7941,146.3
KNO3,90.0,0.7941,169.7
Zn(NO3)2,5.0,0.000087,0.01368
Zn(NO3)2,10.0,0.000087,0.01579
Zn(NO3)2,25.0,0.000087,0.02248
Zn(NO3)2,35.0,0.000087,0.02744
Zn(NO3)2,45.0,0.000087,0.03188
Zn(NO3)2,70.0,0.000087,0.04549
Zn(NO3)2,90.0,0.000087,0.05750
Zn(NO3)2,5.0,0.00127,0.1814
Zn(NO3)2,10.0,0.00127,0.2081
Zn(NO3)2,25.0,0.00127,0.2942
Zn(NO3)2,35.0,0.00127,0.3606
Zn(NO3)2,45.0,0.00127,0.4205
Zn(NO3)2,70.0,0.00127,0.6014
Zn(NO3)2,90.0,0.00127,0.7615
Zn(NO3)2,5.0,0.00874,1.162
Zn(NO3)2,10.0,0.00874,1.334
Zn(NO3)2,25.0,0.00874,1.891
Zn(NO3)2,35.0,0.00874,2.299
Zn(NO3)2,45.0,0.00874,2.687
Zn(NO3)2,70.0,0.00874,3.830
Zn(NO3)2,90.0,0.00874,4.824
Zn(NO3)2,5.0,0.1275,13.91
Zn(NO3)2,10.0,0.1275,15.92
Zn(NO3)2,25.0,0.1275,22.17
Zn(NO3)2,35.0,0.1275,26.58
Zn(NO3)2,45.0,0.1275,31.18
Zn(NO3)2,70.0,0.1275,44.02
Zn(NO3)2,90.0,0.1275,54.42
Zn(NO3)2,5.0,0.3325,31.11
Zn(NO3)2,10.0,0.3325,36.53
Zn(NO3)2,25.0,0.3325,49.31
Zn(NO3)2,35.0,0.3325,59.06
Zn(NO3)2,45.0,0.3325,69.86
Zn(NO3)2,70.0,0.3325,99.37
Zn(NO3)2,90.0,0.3325,118.3