wavelength,spinach,carrot,blueberry,cactus pear
300.00000000,27.43860646,8.01957382,100.59877898,29.37202667
301.00000000,27.07307361,7.75321492,93.85699757,29.28754125
302.00000000,26.62738172,7.46819858,89.05745792,29.19718206
303.00000000,26.25513255,7.16825828,85.65152669,29.11499316
304.00000000,25.97605784,6.87562490,83.22873030,29.02715482
305.00000000,25.69548531,6.57550239,81.54678904,28.93355985
306.00000000,25.52911806,6.28957711,80.40747401,28.82442026
307.00000000,25.32650869,6.02988747,79.66928863,28.71454254
308.00000000,25.16934573,5.81181997,79.21476405,28.58667205
309.00000000,25.14885516,5.63293964,79.02521182,28.44838647
310.00000000,24.99076444,5.51941578,79.00585616,28.29334841
311.00000000,25.04677643,5.43917432,79.11865296,28.14546535
312.00000000,25.08638774,5.38611191,79.37094423,27.96939224
313.00000000,25.12208378,5.38990064,79.73936948,27.77811101
314.00000000,25.15819721,5.38485806,80.17654071,27.57947502
315.00000000,25.29089220,5.38232155,80.66777432,27.35234405
316.00000000,25.32704527,5.39931364,81.21974486,27.10925450
317.00000000,25.43014467,5.41257255,81.77238264,26.85243969
318.00000000,25.47487392,5.42877257,82.31233912,26.58279989
319.00000000,25.66290269,5.45178599,82.81692166,26.28844284
320.00000000,25.76803297,5.48611740,83.31082501,25.98131294
321.00000000,25.80197112,5.53570782,83.71195467,25.64464642
322.00000000,26.01530932,5.60884090,84.05434989,25.29204139
323.00000000,26.18324750,5.70609284,84.29596217,24.92040070
324.00000000,26.37736977,5.84691947,84.44613543,24.53278271
325.00000000,26.68872082,5.99522433,84.45147492,24.12785417
326.00000000,26.99300583,6.16279010,84.39073818,23.72075071
327.00000000,27.20284725,6.33853951,84.17115131,23.29750868
328.00000000,27.61263746,6.52047508,83.85278380,22.86695196
329.00000000,27.87801419,6.67910919,83.39358716,22.42324859
330.00000000,28.28102728,6.80532262,82.83427502,22.00000572
331.00000000,28.57154872,6.91498883,82.11144068,21.55813806
332.00000000,28.68805078,6.99526102,81.29316290,21.12509927
333.00000000,29.04133385,7.00384289,80.32070704,20.70494697
334.00000000,29.34436634,7.00137291,79.23678946,20.29272732
335.00000000,29.36537060,7.01904839,78.00603560,19.88482808
336.00000000,29.62728541,6.99659962,76.62110366,19.49064150
337.00000000,29.71362920,7.00250797,75.12270749,19.10359520
338.00000000,29.86139266,7.02072285,73.47614038,18.72382585
339.00000000,29.94827837,7.07301365,71.73813444,18.38417980
340.00000000,29.77407021,7.13002153,69.90601972,18.03499010
341.00000000,29.85835197,7.23480200,68.05121215,17.69769357
342.00000000,29.73833949,7.35534204,66.10830295,17.37547880
343.00000000,29.54207993,7.53137554,64.14069858,17.05704733
344.00000000,29.39966735,7.69277023,62.10301337,16.73761387
345.00000000,29.26653240,7.87871665,60.01126578,16.43433275
346.00000000,29.03119268,8.04495905,57.85077201,16.14714302
347.00000000,28.83088809,8.14617630,55.69294819,15.88547384
348.00000000,28.60009835,8.14955903,53.56716113,15.60653706
349.00000000,28.22353917,8.15561509,51.42735810,15.30931760
350.00000000,27.87304866,8.10640483,49.35029412,15.04729902
351.00000000,27.86108339,8.03566023,47.30326458,14.83393406
352.00000000,27.73900104,7.94932304,45.28159785,14.59804039
353.00000000,27.70569295,7.92471945,43.26927522,14.39688915
354.00000000,27.59284720,7.81905593,41.32169396,14.25356304
355.00000000,27.78508464,7.75393048,39.40681709,14.13844763
356.00000000,27.77430139,7.68909596,37.54533537,13.99378148
357.00000000,27.86069149,7.68431773,35.77282279,13.87415830
358.00000000,28.17181585,7.71138878,34.07339452,13.81542612
359.00000000,28.37306811,7.82235587,32.43416921,13.76794594
360.00000000,28.69505986,7.98019159,30.88498123,13.69229902
361.00000000,28.97110594,8.21400883,29.41288198,13.61361342
362.00000000,29.34837548,8.50629642,28.00412280,13.59285421
363.00000000,29.72616114,8.81208283,26.66778030,13.58272537
364.00000000,30.16930185,9.18260727,25.39170737,13.55058312
365.00000000,30.57200126,9.55837139,24.19639448,13.53611353
366.00000000,31.08199700,9.92470613,23.09999567,13.58455490
367.00000000,31.66372015,10.26754020,22.06847166,13.63925564
368.00000000,32.00515550,10.60993941,21.11697343,13.66895584
369.00000000,32.61353959,10.92230493,20.25945033,13.70554814
370.00000000,33.00957733,11.18833313,19.47688041,13.78205120
371.00000000,33.64998001,11.44242724,18.75017511,13.86286183
372.00000000,34.08480911,11.68404788,18.07679771,13.91829434
373.00000000,34.65324971,11.92771458,17.44126433,13.97063591
374.00000000,35.00031848,12.16726226,16.84591040,14.07671985
375.00000000,35.61718790,12.42379044,16.27271554,14.18504384
376.00000000,36.05561338,12.69431110,15.73382683,14.26404291
377.00000000,36.41156165,12.97825631,15.25967948,14.34299927
378.00000000,36.90795284,13.26565001,14.81897100,14.47406584
379.00000000,37.02903396,13.54350917,14.45228096,14.61391017
380.00000000,37.54694597,13.85116123,14.10788343,14.72300175
381.00000000,37.62682476,14.15229121,13.79619050,14.84925820
382.00000000,38.10581264,14.47276885,13.47622102,15.02412342
383.00000000,38.07676947,14.81887288,13.18461781,15.19698187
384.00000000,38.48030352,15.20972847,12.88260251,15.33727340
385.00000000,38.73786075,15.62405693,12.61128950,15.49841349
386.00000000,38.90338110,16.12411206,12.35199014,15.69260224
387.00000000,39.20987008,16.67391719,12.12365997,15.88381227
388.00000000,39.39053250,17.28243745,11.90233788,16.05875350
389.00000000,39.83310014,17.98856135,11.69456460,16.23689361
390.00000000,39.90896694,18.75003297,11.49606881,16.44498093
391.00000000,40.54119186,19.57465859,11.32600590,16.66116867
392.00000000,40.54951137,20.45695895,11.14352859,16.86446289
393.00000000,41.11205487,21.39174260,10.97760375,17.06218018
394.00000000,41.36702313,22.31720103,10.81034403,17.30955136
395.00000000,41.72671378,23.27495120,10.64321776,17.56897327
396.00000000,42.15332744,24.19609723,10.47302141,17.80725461
397.00000000,42.42112308,25.08742834,10.33125773,18.04707479
398.00000000,43.00940939,25.91072528,10.20264273,18.33996712
399.00000000,43.21113524,26.67915371,10.10272729,18.64177679
400.00000000,43.95067433,27.35250220,10.00975332,18.92233776
401.00000000,44.14608235,27.98015936,9.91717989,19.20283180
402.00000000,44.82648641,28.54344249,9.81045665,19.52145706
403.00000000,45.37616853,29.06453609,9.69719268,19.84539237
404.00000000,46.00398183,29.58323002,9.57438413,20.14911543
405.00000000,46.84015896,30.10651193,9.47346774,20.46815546
406.00000000,47.60802205,30.64852502,9.37595516,20.83989541
407.00000000,48.61281908,31.23971285,9.30794324,21.21986000
408.00000000,49.49230437,31.90310819,9.25481540,21.57188536
409.00000000,50.71126427,32.62614358,9.22090958,21.93205344
410.00000000,51.55570142,33.44184467,9.16691383,22.34136356
411.00000000,52.83103708,34.34849498,9.11678946,22.76447441
412.00000000,53.76212745,35.33542485,9.07400668,23.16699732
413.00000000,54.89990348,36.42773456,9.02782011,23.57855201
414.00000000,55.76291032,37.56556675,8.98990966,24.03463659
415.00000000,56.72314107,38.78554438,8.96181049,24.49210939
416.00000000,57.59341103,40.02520162,8.94238800,24.91820714
417.00000000,58.35151567,41.31545238,8.92610263,25.36302062
418.00000000,59.13106426,42.57098627,8.92470093,25.85842469
419.00000000,59.62447613,43.82612323,8.92483458,26.35628364
420.00000000,60.34141551,45.01973005,8.94806122,26.83233055
421.00000000,60.69553637,46.12432286,8.98230076,27.32351274
422.00000000,61.32522763,47.13280810,8.98657248,27.84872153
423.00000000,61.65333545,47.98723523,8.98950912,28.37695349
424.00000000,62.26334308,48.71169266,8.98243421,28.88026114
425.00000000,62.73262077,49.26749313,8.96915230,29.38782141
426.00000000,63.22937967,49.69866229,8.96287848,29.93170159
427.00000000,64.01167067,49.96343181,8.99898668,30.47438195
428.00000000,64.45921976,50.17038838,9.04063485,30.98981958
429.00000000,65.29678596,50.28572342,9.10617709,31.51333200
430.00000000,65.95769972,50.39125381,9.18486800,32.07561870
431.00000000,66.82121487,50.54898787,9.25147822,32.62387445
432.00000000,67.53243876,50.76413204,9.30380517,33.14975869
433.00000000,68.47248789,51.10800786,9.36187216,33.68872494
434.00000000,69.11548414,51.58251595,9.42581264,34.27397035
435.00000000,69.83221370,52.22916255,9.49202252,34.85782168
436.00000000,70.43579231,52.98698430,9.57158093,35.43224924
437.00000000,70.79212530,53.91702804,9.67943878,36.02896456
438.00000000,71.00811013,54.94236107,9.80111253,36.66950151
439.00000000,70.89990745,56.06091703,9.92625691,37.30181988
440.00000000,70.72520842,57.25096552,10.04145656,37.90916382
441.00000000,70.20172052,58.44398459,10.18535599,38.54349889
442.00000000,69.59218419,59.64349054,10.32458337,39.20686629
443.00000000,68.55813381,60.77305146,10.46034011,39.85035953
444.00000000,67.59456666,61.85105441,10.60403927,40.45130725
445.00000000,66.30151785,62.76652696,10.78217824,41.06002770
446.00000000,64.90859168,63.57566858,10.95891552,41.67021567
447.00000000,63.58719810,64.19656213,11.15614326,42.24648605
448.00000000,62.02793956,64.63260722,11.38240430,42.76361008
449.00000000,60.64454897,64.86708829,11.62575200,43.26149137
450.00000000,59.02135785,64.87428821,11.88645285,43.73075983
451.00000000,57.69414837,64.70182687,12.17084770,44.13770406
452.00000000,56.21641187,64.30080515,12.45878001,44.45270644
453.00000000,55.01266399,63.74117558,12.75078376,44.72945961
454.00000000,53.74607037,62.98741786,13.06461266,44.98196744
455.00000000,52.65745883,62.14093070,13.39652916,45.16750999
456.00000000,51.71636917,61.14767703,13.75574375,45.26707627
457.00000000,50.89088815,60.12104634,14.16461554,45.33729921
458.00000000,50.26875484,59.07392352,14.59544633,45.40122059
459.00000000,49.69194643,58.03506048,15.03822395,45.41397377
460.00000000,49.53071934,57.06515176,15.51971310,45.37777285
461.00000000,49.11829511,56.18219843,15.99199138,45.34578382
462.00000000,49.26081643,55.44268176,16.46867503,45.34757881
463.00000000,49.20774627,54.84978431,16.98280175,45.33096883
464.00000000,49.54938388,54.45075602,17.51748556,45.30122104
465.00000000,49.88905855,54.22752264,18.06324891,45.29989525
466.00000000,50.23969728,54.21196469,18.64859108,45.33849001
467.00000000,50.82870927,54.36196032,19.26229952,45.37700850
468.00000000,51.17712857,54.66285194,19.92239460,45.40438569
469.00000000,51.73387779,55.09918070,20.60144501,45.46714632
470.00000000,51.91599875,55.61672965,21.29905020,45.55397634
471.00000000,52.35883172,56.18224322,22.02195137,45.62272759
472.00000000,52.34747681,56.74780727,22.75252784,45.65569543
473.00000000,52.39734604,57.28102714,23.47222527,45.68706431
474.00000000,52.06569916,57.71909085,24.23283661,45.69931002
475.00000000,51.68203355,58.02807965,24.99791952,45.66116201
476.00000000,50.98655236,58.18644093,25.81252640,45.52185310
477.00000000,49.95811654,58.13215224,26.65509900,45.31529717
478.00000000,48.96837182,57.84550856,27.52897430,45.03518391
479.00000000,47.36634202,57.34709465,28.42367358,44.62002741
480.00000000,46.06022689,56.60317557,29.34800718,44.03633988
481.00000000,44.17459786,55.61481436,30.27988264,43.34796443
482.00000000,42.47920607,54.39847161,31.22937876,42.54286855
483.00000000,40.51713509,52.97330938,32.16545912,41.57409040
484.00000000,38.49955358,51.33610399,33.14966174,40.44933942
485.00000000,36.38526694,49.52108303,34.13293004,39.22497419
486.00000000,34.25864880,47.54614072,35.11793355,37.90303085
487.00000000,32.24619219,45.44323984,36.13637571,36.45654171
488.00000000,30.08127158,43.22983690,37.17957986,34.90703681
489.00000000,28.17540304,40.93927383,38.22945817,33.33017913
490.00000000,26.06106838,38.60539735,39.31738058,31.74537553
491.00000000,24.34265179,36.25089344,40.38594732,30.12865448
492.00000000,22.38613716,33.91127069,41.46919767,28.49213994
493.00000000,20.82857078,31.59455883,42.56713142,26.90790098
494.00000000,19.09677946,29.32057715,43.63302842,25.37950440
495.00000000,17.56874254,27.10128863,44.70493235,23.88498069
496.00000000,16.24177591,24.94947652,45.81020811,22.44297031
497.00000000,14.73208480,22.89288548,46.90880930,21.11024401
498.00000000,13.72292380,20.91946761,48.02810123,19.88702928
499.00000000,12.41667731,19.05904956,49.13471186,18.74201667
500.00000000,11.59639682,17.31925816,50.23665044,17.68283936
501.00000000,10.45258229,15.69233425,51.33324953,16.74929695
502.00000000,9.77004386,14.17941228,52.40849043,15.93613394
503.00000000,8.88223931,12.78657285,53.47105024,15.18552915
504.00000000,8.18317150,11.50981601,54.53761468,14.49829230
505.00000000,7.60596522,10.32811881,55.58816042,13.90751659
506.00000000,6.96758102,9.28271977,56.64137612,13.40971680
507.00000000,6.60628146,8.29399675,57.66722692,12.94679272
508.00000000,6.09544950,7.42997734,58.68239852,12.52642714
509.00000000,5.81261579,6.63705540,59.68155185,12.18514718
510.00000000,5.29504591,5.91185438,60.66268418,11.90776178
511.00000000,5.15435967,5.24882061,61.61578438,11.63887581
512.00000000,4.67404817,4.67497309,62.53751485,11.39164224
513.00000000,4.50816589,4.15673087,63.40384807,11.21374100
514.00000000,4.25117061,3.69280464,64.25816764,11.08213291
515.00000000,4.03683617,3.30788847,65.05375258,10.95043531
516.00000000,3.99587806,2.95242658,65.81930286,10.81704666
517.00000000,3.71360003,2.64377659,66.56616471,10.73390917
518.00000000,3.76593104,2.36170416,67.28365956,10.67984508
519.00000000,3.44731560,2.12139455,67.95109665,10.61147384
520.00000000,3.57187742,1.91441884,68.56380394,10.53084097
521.00000000,3.33145335,1.72878487,69.09174656,10.49933725
522.00000000,3.35843007,1.58197822,69.56295706,10.48893058
523.00000000,3.30573013,1.42220174,69.94673336,10.44321753
524.00000000,3.25028036,1.30435896,70.25442187,10.37888924
525.00000000,3.18478581,1.16577126,70.51939423,10.35592338
526.00000000,3.19386045,1.05173849,70.70560927,10.35056709
527.00000000,3.24157650,0.93547658,70.81773864,10.31319593
528.00000000,3.02718698,0.85817885,70.85978715,10.26700389
529.00000000,3.23010613,0.76239160,70.80372247,10.25704488
530.00000000,3.04941898,0.69310792,70.66823282,10.26440288
531.00000000,3.14719069,0.63605538,70.43930183,10.24155064
532.00000000,3.12342323,0.58600304,70.12026689,10.20838006
533.00000000,3.16537724,0.54792941,69.70712338,10.20627853
534.00000000,3.24719563,0.51155800,69.17717845,10.21089935
535.00000000,3.21320289,0.49008206,68.53977601,10.17463672
536.00000000,3.29328616,0.45376969,67.80225827,10.12256252
537.00000000,3.26340323,0.41572088,66.94193177,10.09966892
538.00000000,3.35338698,0.38087068,66.02220361,10.08473944
539.00000000,3.21674977,0.33967583,65.01837823,10.03172227
540.00000000,3.31303288,0.30247612,63.92978859,9.97118113
541.00000000,3.19542061,0.26578481,62.75977147,9.94536403
542.00000000,3.25564026,0.24916272,61.47562247,9.92658537
543.00000000,3.26059809,0.21826908,60.10470691,9.87482070
544.00000000,3.25691384,0.20530688,58.66771492,9.81053894
545.00000000,3.25199215,0.18943308,57.14061897,9.77034697
546.00000000,3.24268447,0.18220029,55.58949530,9.73634072
547.00000000,3.28957810,0.16009014,53.99165106,9.66660928
548.00000000,3.26121015,0.13507533,52.33106777,9.58595333
549.00000000,3.27437312,0.12555449,50.63110573,9.54191841
550.00000000,3.22460023,0.10269721,48.87040673,9.50016891
551.00000000,3.36747811,0.11176954,47.06298738,9.41509226
552.00000000,3.26209948,0.08711449,45.25556782,9.31901603
553.00000000,3.38462566,0.10470247,43.42612305,9.25166733
554.00000000,3.30134108,0.08242734,41.59200602,9.19424562
555.00000000,3.42971694,0.07467256,39.78124928,9.10278264
556.00000000,3.46046736,0.03189678,37.96048119,9.00169797
557.00000000,3.36401123,0.02019141,36.17114925,8.94455705
558.00000000,3.56992703,0.00817210,34.38161703,8.89897262
559.00000000,3.46494245,0.00000000,32.63747051,8.80646792
560.00000000,3.71832559,0.00000000,30.92175687,8.69900750
561.00000000,3.59835941,0.00075458,29.24462111,8.63071133
562.00000000,3.87726328,0.01411910,27.62635344,8.56420507
563.00000000,3.83283991,0.00000000,26.04973352,8.45720878
564.00000000,3.97426539,0.00344238,24.48632910,8.33737634
565.00000000,4.04835295,0.00000000,23.01529783,8.25774910
566.00000000,4.16565557,0.00000000,21.57289972,8.18466184
567.00000000,4.25389571,0.00000000,20.21553296,8.03786090
568.00000000,4.25792135,0.00000000,18.91249567,7.90318453
569.00000000,4.34115441,0.00000000,17.70303296,7.82603966
570.00000000,4.46544409,0.00000000,16.52540714,7.73442899
571.00000000,4.48432897,0.00000000,15.42453655,7.59960267
572.00000000,4.60165813,0.00000000,14.33874990,7.52050757
573.00000000,4.60608713,0.00000000,13.32497979,7.45433647
574.00000000,4.75870033,0.00000000,12.36700747,7.36559004
575.00000000,4.82685204,0.00000000,11.48952809,7.25598065
576.00000000,4.95836422,0.00000000,10.66277370,7.16809800
577.00000000,5.00435614,0.00000000,9.88354096,7.08736033
578.00000000,5.16281139,0.00000000,9.18473455,6.99365952
579.00000000,5.21511066,0.00000000,8.50755280,6.88056241
580.00000000,5.35510587,0.00000000,7.87342092,6.79660911
581.00000000,5.36377097,0.00000000,7.28440785,6.72846388
582.00000000,5.46396418,0.00000000,6.75352838,6.63541693
583.00000000,5.58535951,0.00000000,6.26389654,6.53180288
584.00000000,5.56880992,0.00000000,5.80716938,6.45460685
585.00000000,5.76358611,0.00000000,5.36579325,6.39297882
586.00000000,5.81460974,0.00000000,4.98975930,6.30774174
587.00000000,5.94295029,0.00000000,4.61419252,6.21325444
588.00000000,5.95963823,0.00000000,4.28054059,6.14713650
589.00000000,6.16728909,0.00000000,3.97892583,6.09060976
590.00000000,6.15831427,0.00000000,3.69544530,6.01282199
591.00000000,6.26384181,0.00000000,3.43794819,5.91988758
592.00000000,6.37627737,0.00000000,3.20220939,5.85401863
593.00000000,6.43071034,0.00000000,2.95358242,5.79937623
594.00000000,6.65418493,0.00000000,2.74967371,5.72824011
595.00000000,6.64749139,0.00000000,2.55792571,5.64591700
596.00000000,6.91423806,0.00000000,2.38325736,5.59503554
597.00000000,6.95575558,0.00000000,2.23148894,5.56112176
598.00000000,7.16835988,0.00000000,2.07953345,5.50302112
599.00000000,7.29220152,0.00000000,1.94072003,5.43426346
600.00000000,7.39746181,0.00000000,1.82216319,5.39321398
601.00000000,7.64271950,0.00000000,1.68597929,5.36057396
602.00000000,7.72943547,0.00000000,1.58398152,5.30644733
603.00000000,8.04955468,0.00000000,1.49089411,5.24711501
604.00000000,8.07029040,0.00000000,1.40651679,5.22064041
605.00000000,8.41033055,0.00000000,1.33194394,5.19725277
606.00000000,8.51682505,0.00000000,1.25315981,5.14995788
607.00000000,8.81902742,0.00000000,1.17514974,5.09163151
608.00000000,8.88295591,0.00000000,1.11722960,5.06606158
609.00000000,9.06036022,0.00000000,1.04634106,5.04800038
610.00000000,9.25152428,0.00000000,0.99566929,5.00770849
611.00000000,9.19668789,0.00000000,0.96184349,4.96643695
612.00000000,9.43338855,0.00000000,0.91836668,4.95139771
613.00000000,9.37966871,0.00000000,0.88803172,4.93533031
614.00000000,9.61178253,0.00000000,0.83824086,4.88996141
615.00000000,9.49337650,0.00000000,0.79486408,4.85072213
616.00000000,9.70804683,0.00000000,0.76018398,4.84007706
617.00000000,9.59425635,0.00000000,0.73193817,4.83157859
618.00000000,9.65720349,0.00000000,0.71425109,4.79743172
619.00000000,9.60124322,0.00000000,0.71049336,4.76615884
620.00000000,9.50998603,0.00000000,0.69226570,4.75290891
621.00000000,9.61724892,0.00000000,0.67738842,4.73546317
622.00000000,9.37535341,0.00000000,0.63843020,4.69492224
623.00000000,9.57114125,0.00000000,0.59074849,4.65400163
624.00000000,9.30002209,0.00000000,0.56618678,4.64068783
625.00000000,9.43565304,0.00000000,0.54149843,4.63871732
626.00000000,9.27489293,0.00000000,0.53378269,4.61760280
627.00000000,9.28560743,0.00000000,0.52616740,4.59009208
628.00000000,9.30186864,0.00000000,0.50006394,4.58565955
629.00000000,9.26871702,0.00000000,0.49364306,4.57767141
630.00000000,9.28741172,0.00000000,0.47807174,4.54067194
631.00000000,9.35216370,0.00000000,0.44935195,4.50603751
632.00000000,9.52145399,0.00000000,0.46163951,4.50682306
633.00000000,9.54313559,0.00000000,0.46789333,4.50758952
634.00000000,9.82750261,0.00000000,0.45666715,4.47971214
635.00000000,9.96048203,0.00000000,0.45414425,4.45032455
636.00000000,10.18934142,0.00000000,0.44319157,4.44348388
637.00000000,10.43873647,0.00000000,0.43760519,4.43572248
638.00000000,10.74920570,0.00000000,0.45978405,4.41042178
639.00000000,11.07277753,0.00000000,0.46613811,4.38422899
640.00000000,11.41339122,0.00000000,0.48798325,4.38689890
641.00000000,11.87758561,0.00000000,0.47287188,4.38999898
642.00000000,12.28413441,0.00000000,0.46867358,4.36875576
643.00000000,12.80218281,0.00000000,0.45124680,4.33922332
644.00000000,13.30456162,0.00000000,0.42722568,4.33367410
645.00000000,13.91869280,0.00000000,0.41016603,4.32948708
646.00000000,14.51282929,0.00000000,0.42528422,4.29426427
647.00000000,15.30414631,0.00000000,0.41144831,4.25899051
648.00000000,15.97247459,0.00000000,0.40914549,4.24712371
649.00000000,16.81758840,0.00000000,0.42241420,4.23920930
650.00000000,17.76574432,0.00000000,0.40249113,4.20770597
651.00000000,18.60780419,0.00000000,0.40115626,4.19073393
652.00000000,19.81651375,0.00000000,0.37574911,4.20076303
653.00000000,20.85000294,0.00000000,0.37586915,4.20994858
654.00000000,22.10897324,0.00000000,0.36229354,4.18536151
655.00000000,23.45380295,0.00000000,0.36071838,4.16295834
656.00000000,25.00751457,0.00000000,0.36335471,4.16075855
657.00000000,26.55693859,0.00000000,0.37262334,4.15241821
658.00000000,28.24780892,0.00000000,0.35887427,4.11998273
659.00000000,29.95742820,0.00000000,0.36918612,4.09350860
660.00000000,31.67215516,0.00000000,0.36844526,4.08730063
661.00000000,33.31944291,0.00000000,0.37758910,4.07188900
662.00000000,34.71476870,0.00000000,0.39504929,4.03739394
663.00000000,36.01818085,0.00000000,0.38809525,4.01671712
664.00000000,36.91783524,0.00000000,0.38485830,4.02378801
665.00000000,37.65528447,0.00000000,0.38587266,4.03129101
666.00000000,37.82983193,0.00000000,0.36417560,4.01368004
667.00000000,37.77654645,0.00000000,0.38347785,3.98963900
668.00000000,37.15146081,0.00000000,0.41934535,3.98157965
669.00000000,36.20923562,0.00000000,0.42746143,3.97120911
670.00000000,34.80351651,0.00000000,0.43883446,3.93127813
671.00000000,33.08176744,0.00000000,0.40695900,3.90161283
672.00000000,31.14504566,0.00000000,0.35136086,3.89943856
673.00000000,28.85757267,0.00000000,0.30779597,3.89519510
674.00000000,26.61446394,0.00000000,0.28099559,3.87014749
675.00000000,24.03339882,0.00000000,0.28183669,3.85271173
676.00000000,21.56749673,0.00000000,0.31573983,3.85378690
677.00000000,19.13241711,0.00000000,0.33868018,3.85227825
678.00000000,16.75126325,0.00000000,0.35501382,3.82854454
679.00000000,14.53565141,0.00000000,0.34808906,3.80268514
680.00000000,12.43700088,0.00000000,0.34082749,3.80213019
681.00000000,10.62284828,0.00000000,0.34870988,3.80502457
682.00000000,8.93469424,0.00000000,0.33654113,3.78166607
683.00000000,7.48295373,0.00000000,0.33696828,3.76343650
684.00000000,6.15158921,0.00000000,0.34040281,3.77231359
685.00000000,5.08732068,0.00000000,0.31583450,3.77135404
686.00000000,4.20460608,0.00000000,0.29963390,3.73901729
687.00000000,3.35457662,0.00000000,0.28183339,3.71812623
688.00000000,2.76700821,0.00000000,0.26755156,3.71487128
689.00000000,2.07621345,0.00000000,0.28882477,3.71054253
690.00000000,1.73872483,0.00000000,0.29036177,3.68803311
691.00000000,1.26545119,0.00000000,0.30266459,3.67398832
692.00000000,1.05032166,0.00000000,0.31460049,3.67322954
693.00000000,0.71867918,0.00000000,0.29237749,3.66393872
694.00000000,0.58634608,0.00000000,0.27643965,3.62950045
695.00000000,0.31272030,0.00000000,0.27488862,3.60205280
696.00000000,0.19359918,0.00000000,0.26073818,3.59880866
697.00000000,0.05494735,0.00000000,0.30217206,3.59411661
698.00000000,0.00000000,0.00000000,0.33377114,3.56795872
699.00000000,0.00000000,0.00000000,0.33480983,3.55029518
700.00000000,0.00000000,0.00000000,0.34560288,3.54974941
701.00000000,0.00000000,0.00000000,0.31812247,3.53286589
702.00000000,0.00000000,0.00000000,0.28951943,3.49979936
703.00000000,0.00000000,0.00000000,0.28392975,3.48679359
704.00000000,0.00000000,0.00000000,0.27658052,3.49461317
705.00000000,0.00000000,0.00000000,0.30792344,3.49162801
706.00000000,0.00000000,0.00000000,0.33584358,3.47568643
707.00000000,0.00000000,0.00000000,0.32452582,3.46494985
708.00000000,0.00000000,0.00000000,0.32456934,3.46894977
709.00000000,0.00000000,0.00000000,0.32253898,3.46176433
710.00000000,0.00000000,0.00000000,0.30350363,3.43764340
711.00000000,0.00000000,0.00000000,0.30964999,3.42563157
712.00000000,0.00000000,0.00000000,0.30583842,3.43343285
713.00000000,0.00000000,0.00000000,0.30731747,3.42597006
714.00000000,0.00000000,0.00000000,0.31405845,3.39425584
715.00000000,0.00000000,0.00000000,0.31186268,3.37462883
716.00000000,0.00000000,0.00000000,0.31494823,3.37111355
717.00000000,0.00000000,0.00000000,0.31656340,3.36477159
718.00000000,0.00000000,0.00000000,0.33248432,3.34099200
719.00000000,0.00000000,0.00000000,0.34535661,3.32751356
720.00000000,0.00000000,0.00000000,0.32094774,3.32572251
721.00000000,0.00000000,0.00000000,0.29467020,3.31804911
722.00000000,0.00000000,0.00000000,0.28390232,3.28628095
723.00000000,0.00000000,0.00000000,0.22722156,3.27250310
724.00000000,0.00000000,0.00000000,0.23166014,3.27746927
725.00000000,0.00000000,0.00000000,0.24260210,3.26981110
726.00000000,0.00000000,0.00000000,0.25209698,3.24274746
727.00000000,0.00000000,0.00000000,0.28975105,3.23054249
728.00000000,0.00000000,0.00000000,0.32229333,3.22495215
729.00000000,0.00000000,0.00000000,0.29663580,3.21090491
730.00000000,0.00000000,0.00000000,0.30769986,3.18867414
731.00000000,0.00000000,0.00000000,0.29490698,3.18131786
732.00000000,0.00000000,0.00000000,0.29172346,3.17845478
733.00000000,0.00000000,0.00000000,0.28397781,3.17069700
734.00000000,0.00000000,0.00000000,0.27814372,3.15728575
735.00000000,0.00000000,0.00000000,0.27032526,3.15757312
736.00000000,0.00000000,0.00000000,0.26802595,3.16317447
737.00000000,0.00000000,0.00000000,0.24227023,3.16331631
738.00000000,0.00000000,0.00000000,0.25697591,3.14701346
739.00000000,0.00000000,0.00000000,0.25445776,3.13503191
740.00000000,0.00000000,0.00000000,0.27778731,3.13260701
741.00000000,0.00000000,0.00000000,0.31106365,3.12381570
742.00000000,0.00000000,0.00000000,0.29062536,3.10025204
743.00000000,0.00000000,0.00000000,0.27823385,3.09270476
744.00000000,0.00000000,0.00000000,0.27549521,3.08916011
745.00000000,0.00000000,0.00000000,0.23264644,3.07626260
746.00000000,0.00000000,0.00000000,0.22243008,3.04251702
747.00000000,0.00000000,0.00000000,0.24233170,3.03052548
748.00000000,0.00000000,0.00000000,0.25930059,3.02138946
749.00000000,0.00000000,0.00000000,0.27744349,3.00414359
750.00000000,0.00000000,0.00000000,0.25960296,2.97813809
751.00000000,0.00000000,0.00000000,0.24437010,2.97699428
752.00000000,0.00000000,0.00000000,0.22883075,2.97276843
753.00000000,0.00000000,0.00000000,0.19242142,2.96131046
754.00000000,0.00000000,0.00000000,0.19600899,2.95167049
755.00000000,0.00000000,0.00000000,0.22163992,2.95299309
756.00000000,0.00000000,0.00000000,0.23074499,2.94778260
757.00000000,0.00000000,0.00000000,0.25068930,2.92977326
758.00000000,0.00000000,0.00000000,0.24968278,2.91961026
759.00000000,0.00000000,0.00000000,0.21912961,2.91453968
760.00000000,0.00000000,0.00000000,0.19831099,2.90101038
761.00000000,0.00000000,0.00000000,0.17518625,2.88474077
762.00000000,0.00000000,0.00000000,0.16701345,2.88209411
763.00000000,0.00000000,0.00000000,0.17836998,2.88027648
764.00000000,0.00000000,0.00000000,0.17765366,2.87272218
765.00000000,0.00000000,0.00000000,0.19852446,2.85695146
766.00000000,0.00000000,0.00000000,0.20610985,2.84388898
767.00000000,0.00000000,0.00000000,0.19778628,2.83387202
768.00000000,0.00000000,0.00000000,0.22325159,2.82044973
769.00000000,0.00000000,0.00000000,0.22095846,2.81045141
770.00000000,0.00000000,0.00000000,0.21744906,2.80779436
771.00000000,0.00000000,0.00000000,0.21368121,2.80726484
772.00000000,0.00000000,0.00000000,0.18857768,2.79063633
773.00000000,0.00000000,0.00000000,0.13145780,2.77543670
774.00000000,0.00000000,0.00000000,0.14157867,2.76284681
775.00000000,0.00000000,0.00000000,0.12363811,2.75812734
776.00000000,0.00000000,0.00000000,0.15516913,2.74820308
777.00000000,0.00000000,0.00000000,0.18197673,2.74953133
778.00000000,0.00000000,0.00000000,0.21037023,2.74817544
779.00000000,0.00000000,0.00000000,0.20689279,2.74378942
780.00000000,0.00000000,0.00000000,0.18804245,2.73062441
781.00000000,0.00000000,0.00000000,0.15207615,2.72791879
782.00000000,0.00000000,0.00000000,0.14947261,2.72436955
783.00000000,0.00000000,0.00000000,0.12810721,2.72561006
784.00000000,0.00000000,0.00000000,0.15249794,2.71650911
785.00000000,0.00000000,0.00000000,0.17446333,2.71155432
786.00000000,0.00000000,0.00000000,0.17314392,2.70014228
787.00000000,0.00000000,0.00000000,0.17589762,2.69490418
788.00000000,0.00000000,0.00000000,0.18738429,2.68981550
789.00000000,0.00000000,0.00000000,0.17168880,2.68899076
790.00000000,0.00000000,0.00000000,0.18735892,2.68532082
791.00000000,0.00000000,0.00000000,0.18940331,2.67819473
792.00000000,0.00000000,0.00000000,0.19702211,2.65969299
793.00000000,0.00000000,0.00000000,0.20921417,2.64659979
794.00000000,0.00000000,0.00000000,0.18433875,2.63463943
795.00000000,0.00000000,0.00000000,0.17937443,2.63861692
796.00000000,0.00000000,0.00000000,0.18383013,2.64700580
797.00000000,0.00000000,0.00000000,0.18401040,2.69623558
798.00000000,0.00000000,0.00000000,0.19534341,2.74075232
799.00000000,0.00000000,0.00000000,0.20376454,2.77948926
800.00000000,0.00000000,0.00000000,0.19747463,2.78484048
