Wavelength,Anthocyanin,Betacyanin,Betaxanthin,Beta-Carotene,Chlorophyll A,Chlorophyll B
300,48774.3120,6856.6472,32515.3761,17222.4518,48888.5994,55154.1192
301,45505.6267,6707.7038,32435.1241,16650.4322,48297.6883,54487.4774
302,43178.6179,6533.0442,32350.8707,16038.3448,47562.1486,53657.6715
303,41527.2862,6346.6287,32277.0656,15394.2074,46971.2374,52991.0297
304,40352.6176,6145.6233,32198.3698,14765.7620,46553.8806,52520.1848
305,39537.1452,5933.1768,32114.3386,14121.2333,46136.5238,52049.3399
306,38984.7597,5716.2169,32013.1901,13507.1939,45929.9115,51816.2484
307,38626.8579,5506.2790,31910.4854,12949.4969,45644.7865,51494.5821
308,38406.4862,5299.5006,31787.1063,12481.1856,45429.9098,51252.1669
309,38314.5837,5101.4026,31651.0560,12097.0308,45458.8355,51284.7997
310,38305.1993,4920.1199,31494.3312,11853.2324,45202.6362,50995.7662
311,38359.8877,4757.0168,31343.8311,11680.9097,45339.0004,51149.6066
312,38482.2086,4599.4978,31160.8744,11566.9554,45434.0420,51256.8287
313,38660.8359,4454.1546,30959.4665,11575.0919,45500.1579,51331.4180
314,38872.7940,4323.0550,30748.2771,11564.2627,45570.4061,51410.6691
315,39110.9637,4194.1806,30504.6313,11558.8154,45822.4731,51695.0408
316,39378.5811,4071.3836,30242.3120,11595.3068,45884.4568,51764.9682
317,39646.5220,3957.6135,29963.5421,11623.7810,46074.5401,51979.4124
318,39908.3145,3845.4703,29670.1000,11658.5714,46153.0528,52067.9872
319,40152.9563,3733.8624,29348.6477,11707.9939,46500.1614,52459.5810
320,40392.4204,3628.7833,29012.0786,11781.7224,46686.1125,52669.3634
321,40586.9041,3520.9541,28642.3861,11888.2204,46731.5672,52720.6435
322,40752.9110,3417.2604,28254.2423,12045.2775,47107.6015,53144.8701
323,40870.0543,3318.2272,27844.0904,12254.1311,47388.5942,53461.8746
324,40942.8643,3218.5747,27415.9318,12556.5636,47702.6449,53816.1737
325,40945.4531,3123.0997,26967.7658,12875.0560,48235.7046,54417.5499
326,40916.0055,3033.9751,26516.4876,13234.9122,48748.1031,54995.6169
327,40809.5410,2944.6195,26046.9804,13612.3432,49078.6828,55368.5634
328,40655.1837,2856.9643,25569.0256,14003.0593,49785.2968,56165.7364
329,40432.5468,2773.8856,25075.7318,14343.7343,50227.4471,56664.5523
330,40161.3699,2695.3413,24605.1130,14614.7842,50942.3256,57471.0490
331,39810.9109,2612.9973,24113.8199,14850.2981,51450.5918,58044.4542
332,39414.1771,2530.4748,23632.5306,15022.6868,51640.6751,58258.8984
333,38942.6916,2451.3322,23165.4687,15041.1168,52305.9667,59009.4532
334,38417.1650,2375.1286,22707.0767,15035.8124,52880.3488,59657.4476
335,37820.4463,2298.8830,22253.5754,15073.7714,52913.4068,59694.7423
336,37148.9759,2228.6203,21814.9685,15025.5615,53417.5408,60263.4856
337,36422.4935,2167.7204,21383.4754,15038.2500,53578.6984,60445.2970
338,35624.1719,2111.1974,20959.7629,15077.3674,53851.4266,60752.9778
339,34781.5171,2065.7796,20580.2890,15189.6646,53996.0552,60916.1419
340,33893.2346,2023.4898,20189.6999,15312.0920,53644.8143,60519.8863
341,32993.9497,1986.6265,19812.0045,15537.1135,53764.6494,60655.0794
342,32051.9496,1955.6727,19450.7595,15795.9795,53491.9212,60347.3986
343,31097.9763,1925.2543,19093.7384,16174.0206,53053.9032,59853.2445
344,30110.0250,1896.7881,18735.3835,16520.6241,52723.3235,59480.2981
345,29095.8621,1875.1971,18394.5906,16919.9537,52401.0083,59116.6753
346,28048.3683,1859.8094,18071.3598,17276.9679,51892.7421,58543.2701
347,27002.1690,1846.2376,17776.8062,17494.3372,51475.3853,58072.4252
348,25971.5024,1824.3317,17463.5791,17501.6018,51037.3672,57578.2711
349,24934.0403,1804.5565,17129.4554,17514.6075,50322.4887,56771.7744
350,23926.9966,1793.6298,16834.2349,17408.9259,49677.8584,56044.5288
351,22934.5148,1792.5067,16593.0345,17256.9982,49681.9906,56049.1907
352,21954.3299,1779.2288,16327.6028,17071.5846,49483.6428,55825.4228
353,20978.6754,1782.7346,16099.7406,17018.7471,49429.9236,55764.8190
354,20034.4101,1793.1470,15936.5691,16791.8292,49256.3693,55569.0221
355,19106.0012,1800.3685,15805.6317,16651.9689,49644.8004,56007.2342
356,18203.4804,1789.5362,15643.1271,16512.7334,49648.9327,56011.8960
357,17344.0954,1788.2452,15507.9659,16502.4719,49814.2225,56198.3692
358,16520.1446,1803.8113,15439.9407,16560.6084,50392.7369,56851.0255
359,15725.3826,1811.2532,15385.4761,16798.9160,50731.5811,57233.2957
360,14974.2743,1807.2226,15300.3335,17137.8764,51281.1697,57853.3191
361,14260.5417,1810.8543,15210.9670,17640.0111,51715.0555,58342.8114
362,13577.5189,1833.3271,15185.1797,18267.7139,52318.3634,59023.4387
363,12929.6066,1840.8320,15172.9530,18924.4061,52917.5391,59699.4041
364,12310.9154,1835.3634,15137.1619,19720.1266,53615.8886,60487.2535
365,11731.3799,1847.0143,15119.5999,20527.0996,54235.7254,61186.5281
366,11199.8019,1873.9585,15171.6191,21313.8225,55062.1746,62118.8942
367,10699.6778,1887.5828,15232.0860,22050.0765,56033.2523,63214.4245
368,10238.3534,1896.4627,15264.7647,22785.3966,56549.7831,63797.1533
369,9822.5919,1916.3009,15304.1126,23456.2178,57582.8445,64962.6110
370,9443.1707,1944.9035,15387.6992,24027.5272,58231.6071,65694.5184
371,9090.8349,1964.6681,15477.0656,24573.2075,59347.3134,66953.2127
372,8764.3546,1977.6941,15538.4216,25092.1004,60078.7209,67778.3567
373,8456.2226,1997.8052,15595.5539,25615.3873,61062.1954,68887.8724
374,8167.5712,2036.1379,15711.5969,26129.8284,61628.3131,69526.5432
375,7889.6634,2064.5096,15831.1967,26680.7360,62698.5647,70733.9574
376,7628.3886,2079.4774,15919.0070,27261.6932,63425.8400,71554.4396
377,7398.5030,2104.7946,16005.7058,27871.4803,63991.9577,72193.1104
378,7184.8299,2143.3478,16149.9815,28488.6732,64822.5391,73130.1384
379,7007.0439,2174.6690,16304.9278,29085.3902,64946.5064,73269.9933
380,6840.0662,2196.3439,16426.0837,29746.0890,65810.1458,74244.3159
381,6688.9450,2238.2035,16564.5795,30392.7813,65847.3360,74286.2724
382,6533.8110,2287.2110,16757.3175,31081.0237,66632.4627,75172.0202
383,6392.4301,2327.1077,16948.7218,31824.3001,66446.5116,74962.2379
384,6246.0010,2361.1894,17103.8903,32663.6828,67062.2162,75656.8506
385,6114.4576,2406.2398,17281.5117,33553.4747,67392.7959,76029.7971
386,5988.7389,2455.9191,17496.0356,34627.3691,67516.7633,76169.6520
387,5878.0353,2503.1003,17707.4472,35808.1042,67888.6654,76589.2168
388,5770.7295,2544.2880,17901.0745,37114.9331,68000.2360,76715.0862
389,5669.9927,2590.3986,18097.8140,38631.3709,68570.4859,77358.4188
390,5573.7540,2648.1076,18327.2323,40266.6708,68425.8573,77195.2548
391,5491.3007,2697.6190,18566.6543,42037.5972,69310.1579,78192.8865
392,5402.8284,2735.0175,18792.7381,43932.3831,68991.9750,77833.9256
393,5322.3814,2782.4296,19011.4857,45939.8796,69702.7213,78635.7605
394,5241.2872,2848.4938,19284.4757,47927.3497,69834.9531,78784.9390
395,5160.2577,2904.4079,19572.1378,49984.1680,70153.1361,79143.9000
396,5077.7397,2952.6282,19836.6803,51962.3770,70611.8153,79661.3632
397,5009.0070,3015.6274,20101.4450,53876.5569,70781.2374,79852.4983
398,4946.6493,3089.4694,20425.1204,55644.6299,71582.8931,80756.8934
399,4898.2063,3153.2873,20759.9111,57294.8699,71673.8025,80859.4537
400,4853.1288,3212.5498,21071.1375,58740.9208,72818.4346,82150.7808
401,4808.2455,3286.2238,21380.8077,60088.8472,72950.6664,82299.9594
402,4756.5018,3368.5468,21732.7158,61298.5270,74025.0503,83512.0354
403,4701.5869,3435.7550,22092.1823,62417.6026,74868.0285,84463.0489
404,4642.0444,3494.6712,22429.6406,63531.5248,75859.7674,85581.8882
405,4593.1161,3568.5761,22782.8826,64655.2999,77244.0698,87143.6015
406,4545.8381,3653.5547,23194.5906,65819.3012,78492.0080,88551.4744
407,4512.8632,3727.3756,23616.7469,67088.9078,80169.6998,90444.1777
408,4487.1047,3798.7194,24007.5584,68513.5838,81582.9278,92038.5238
409,4470.6658,3881.8087,24406.3727,70066.3399,83615.9927,94332.1445
410,4444.4865,3975.7512,24859.6517,71818.1004,84905.2534,95786.6357
411,4420.1842,4059.3338,25329.6036,73765.1791,86975.5085,98122.2128
412,4399.4414,4143.4726,25776.2134,75884.6623,88363.9431,99688.5880
413,4377.0483,4244.8151,26231.2708,78230.4542,90103.6185,101651.2187
414,4358.6678,4353.8408,26735.9022,80674.0080,91306.1021,103007.8114
415,4345.0442,4450.0191,27243.4235,83293.9734,92661.4787,104536.8919
416,4335.6274,4540.5187,27716.0430,85956.2018,93839.1687,105865.5136
417,4327.7316,4644.4748,28208.4476,88727.0824,94785.4530,106933.0729
418,4327.0520,4755.7573,28757.3175,91423.4067,95785.4564,108061.2359
419,4327.1168,4857.2781,29309.9667,94118.8786,96244.1357,108578.6991
420,4338.3780,4958.8620,29837.9400,96682.2113,97149.0975,109599.6400
421,4354.9787,5079.9271,30381.0300,99054.3818,97401.1645,109884.0117
422,4357.0498,5207.7309,30961.9118,101220.1563,98211.0847,110797.7305
423,4358.4736,5329.8666,31546.7951,103055.0830,98508.6064,111133.3824
424,4355.0434,5450.2599,32103.6680,104610.8930,99388.7747,112126.3523
425,4348.6038,5585.0123,32663.8755,105804.5034,100066.4630,112890.8925
426,4345.5620,5732.2763,33263.8755,106730.4616,100843.3252,113767.3167
427,4363.0687,5872.8227,33863.2086,107299.0679,102223.4953,115324.3682
428,4383.2614,6009.9053,34432.0860,107743.5179,102992.0930,116191.4687
429,4415.0389,6162.3125,35008.5217,107991.2059,104533.4207,117930.3315
430,4453.1914,6323.9566,35627.8622,108217.8379,105744.1687,119296.2479
431,4485.4867,6473.9497,36232.5306,108556.5800,107318.5543,121072.4054
432,4510.8569,6628.6661,36811.4116,109018.6133,108583.0215,122498.9256
433,4539.0101,6804.0604,37402.9641,109757.1045,110231.7876,124358.9961
434,4570.0110,6993.4149,38045.4242,110776.1353,111268.9813,125529.1156
435,4602.1122,7171.7482,38687.4398,112164.8425,112380.5554,126783.1481
436,4640.6853,7356.6942,39318.1178,113792.3041,113235.9302,127748.1470
437,4692.9791,7559.7989,39972.1378,115789.6214,113558.2454,128111.7698
438,4751.9714,7773.6099,40674.6202,117991.5774,113578.9066,128135.0790
439,4812.6464,7981.3330,41368.4328,120393.7345,112950.8053,127426.4807
440,4868.4998,8193.2547,42033.5680,122949.4255,112169.8108,126545.3947
441,4938.2680,8431.8371,42726.4913,125511.4960,110727.6571,124918.4158
442,5005.7710,8680.6011,43451.2042,128087.4974,109120.2135,123104.9636
443,5071.5913,8916.1395,44154.7981,130513.2882,106735.9077,120415.0873
444,5141.2624,9148.5291,44810.5965,132828.3556,104504.4950,117897.6987
445,5227.6313,9405.9001,45472.6195,134794.3805,101711.0968,114746.3012
446,5313.3206,9662.1164,46136.4209,136532.0542,98768.9379,111427.0777
447,5408.9445,9908.4661,46762.8751,137865.4554,96033.3912,108340.9458
448,5518.6449,10159.3293,47321.9711,138801.8849,92917.6779,104825.9254
449,5636.6296,10427.7215,47857.5028,139305.4452,90211.0569,101772.4263
450,5763.0278,10690.5505,48361.2449,139320.9074,87136.6661,98304.0242
451,5900.9138,10938.0549,48796.0726,138950.5377,84690.3766,95544.2205
452,6040.5149,11179.5763,49127.5287,138089.3227,82045.7393,92560.6488
453,6182.0900,11434.9529,49414.3016,136887.4891,79979.6165,90229.7334
454,6334.2468,11693.8983,49673.2864,135268.7552,77868.0389,87847.5379
455,6495.1732,11938.3587,49858.0215,133450.8800,76128.3634,85884.9072
456,6669.3348,12173.2674,49946.4987,131317.8161,74723.3999,84299.8848
457,6867.5722,12424.8653,50000.0741,129113.0733,73549.8421,82975.9249
458,7076.4562,12680.6618,50046.0911,126864.3226,72768.8476,82094.8388
459,7291.1325,12920.6088,50035.8651,124633.3102,72070.4981,81306.9895
460,7524.5777,13164.7543,49969.8407,122550.3808,72132.4818,81376.9169
461,7753.5571,13431.4670,49906.2616,120654.1926,71686.1992,80873.4392
462,7984.6724,13706.5768,49880.0296,119066.0421,72235.7879,81493.4627
463,8233.9416,13973.8143,49833.7903,117792.7640,72359.7553,81633.3176
464,8493.1777,14254.3822,49771.3227,116935.8300,73157.2787,82533.0509
465,8757.7856,14566.5442,49737.7547,116456.4247,73884.5540,83353.5331
466,9041.5829,14896.2351,49747.5361,116423.0132,74553.9778,84108.7497
467,9339.1333,15225.0863,49757.3175,116745.1366,75611.8327,85302.1784
468,9659.1738,15563.2793,49753.5384,117391.3170,76157.2891,85917.5400
469,9988.4046,15931.8068,49786.6617,118328.3557,77045.7220,86919.8336
470,10326.6315,16303.4831,49846.6840,119439.8190,77194.4828,87087.6595
471,10677.1229,16666.5525,49887.1434,120654.2888,77818.4519,87791.5960
472,11031.3356,17040.3282,49886.0319,121868.8670,77582.9139,87525.8716
473,11380.2737,17437.6157,49880.6966,123013.9844,77475.4755,87404.6640
474,11749.0485,17834.2734,49853.7977,123954.7490,76682.0844,86509.5925
475,12119.9913,18219.2802,49771.1004,124618.3185,75839.1062,85558.5791
476,12514.9453,18598.5139,49574.5832,124958.4076,74463.0684,84006.1894
477,12923.4582,18979.6371,49301.8155,124841.8198,72537.4419,81833.7763
478,13347.1479,19355.9318,48946.3505,124226.2376,70772.9729,79843.1746
479,13780.9339,19703.9914,48441.0522,123155.8678,67929.9879,76635.8351
480,14229.0878,20035.9915,47746.7951,121558.2629,65739.8976,74165.0648
481,14680.8983,20368.8313,46934.0497,119435.7058,62545.6716,70561.4697
482,15141.2520,20682.5677,45991.2560,116823.5465,59797.7282,67461.3522
483,15595.1012,20957.8875,44867.2842,113762.9365,56624.1635,63881.0663
484,16072.2820,21221.2413,43568.1364,110246.9528,53425.8053,60272.8093
485,16549.0098,21491.5228,42155.6132,106349.1009,50111.7442,56534.0211
486,17026.5789,21743.5406,40634.6054,102107.8096,46834.8733,52837.1893
487,17520.3604,21970.3671,38975.3242,97591.7206,43822.4662,49438.7147
488,18026.1475,22190.4759,37200.2223,92838.3227,40563.3639,45761.9288
489,18535.1705,22425.3846,35392.6640,87919.2194,37823.6850,42671.1351
490,19062.6388,22655.0452,33576.6580,82907.0983,34705.9056,39153.7838
491,19580.7227,22873.0547,31725.7503,77850.6787,32345.1536,36490.4799
492,20105.9258,23098.2018,29851.7229,72826.2172,29528.2017,33312.5099
493,20638.2480,23357.8819,28033.2716,67850.9580,27457.5333,30976.4665
494,21155.0375,23624.2798,26277.2879,62967.4641,25040.9960,28250.2279
495,21674.7394,23884.9046,24560.2075,58201.4266,22989.3360,25935.6290
496,22210.6213,24165.3675,22900.4817,53580.2982,21292.6359,24021.4813
497,22743.2671,24484.7720,21360.3557,49163.6620,19214.1163,21676.5805
498,23285.9446,24810.9991,19943.3864,44925.6445,18051.3023,20364.7413
499,23822.4737,25143.4191,18614.2275,40930.3000,16283.5276,18370.4101
500,24356.7376,25507.6430,17378.8811,37194.0075,15389.7228,17362.0561
501,24888.4127,25904.7206,16282.2527,33700.1038,13840.9571,15614.8020
502,25409.7325,26309.2506,15321.0078,30451.0252,13121.9464,14803.6434
503,25924.9040,26712.2062,14430.6780,27459.8301,11969.0498,13502.9927
504,26442.0171,27133.3204,13610.1519,24717.9284,11129.3775,12555.7087
505,26951.3637,27582.0402,12895.8874,22180.1722,10484.3339,11827.9969
506,27462.0048,28039.4719,12285.8837,19935.1234,9671.9344,10911.4810
507,27959.3783,28487.4568,11716.2949,17811.7893,9362.4292,10562.3098
508,28451.5741,28948.0375,11193.5458,15956.2627,8722.7575,9840.6585
509,28936.0036,29425.6222,10758.4957,14253.4216,8487.6328,9575.4003
510,29411.6958,29891.2411,10396.9396,12696.0147,7782.6716,8780.0920
511,29873.7969,30339.8558,10046.7432,11272.1152,7767.3823,8762.8432
512,30320.6887,30794.8734,9720.3779,10039.7478,7075.6444,7982.4527
513,30740.7217,31264.9007,9470.8855,8926.7957,6957.8754,7849.5906
514,31154.9300,31722.8572,9274.9907,7930.4900,6647.1305,7499.0209
515,31540.6614,32160.1359,9081.1189,7103.8625,6387.2123,7205.7917
516,31911.8308,32594.1607,8885.6688,6340.4896,6444.2372,7270.1250
517,32273.9393,33034.5883,8746.3950,5677.6477,6026.8804,6799.2801
518,32621.8095,33456.4373,8641.9118,5071.8825,6232.6663,7031.4393
519,32945.4097,33852.9901,8523.8459,4555.8051,5720.6810,6453.8384
520,33242.4747,34248.2833,8392.0415,4111.3140,6034.7317,6808.1376
521,33498.4424,34650.6091,8315.0797,3712.6554,5650.0196,6374.1211
522,33726.9041,35025.9592,8264.7499,3397.3805,5756.6316,6494.3964
523,33912.9742,35364.4670,8178.2734,3054.2522,5717.3752,6450.1090
524,34062.1539,35696.4671,8071.4116,2801.1787,5657.0444,6382.0462
525,34190.6231,36025.9481,8011.5895,2503.5544,5585.5566,6301.3966
526,34280.9076,36324.4648,7974.8648,2258.6631,5645.8874,6369.4593
527,34335.2724,36589.9180,7905.3279,2008.9846,5780.1854,6520.9688
528,34355.6592,36846.7641,7826.6988,1842.9837,5403.7378,6096.2760
529,34328.4768,37090.2798,7790.4187,1637.2756,5823.9872,6570.3842
530,34262.7860,37298.5278,7777.3472,1488.4853,5508.2836,6214.2203
531,34151.7911,37471.5079,7733.7310,1365.9620,5714.8959,6447.3119
532,33997.1102,37633.6768,7679.5554,1258.4720,5688.8627,6417.9423
533,33796.8017,37784.0897,7661.7266,1176.7069,5782.6647,6523.7659
534,33539.8632,37892.3073,7655.8355,1098.5974,5951.2603,6713.9686
535,33230.8250,37958.3294,7608.0400,1052.4767,5895.0618,6650.5677
536,32873.2469,38002.8340,7544.5721,974.4940,6060.3516,6837.0409
537,32456.1262,38029.0749,7515.9837,892.7822,6018.2027,6789.4902
538,32010.2052,38008.3971,7501.2227,817.9396,6201.6744,6996.4755
539,31523.5105,37943.8444,7447.8918,729.4715,5958.6984,6722.3599
540,30995.7187,37860.2934,7388.0030,649.5832,6154.9800,6943.7968
541,30428.4476,37758.2687,7369.2849,570.7867,5946.3016,6708.3744
542,29805.8408,37606.4912,7363.6384,535.0899,6066.5500,6844.0337
543,29141.1661,37413.9878,7324.8685,468.7442,6087.6244,6867.8090
544,28444.4549,37206.1597,7273.5161,440.9072,6085.5583,6865.4781
545,27704.0577,36976.6042,7251.6413,406.8174,6082.2525,6861.7486
546,26952.0109,36703.4887,7241.2375,391.2846,6067.3764,6844.9660
547,26177.3121,36392.1664,7194.3535,343.8019,6164.4842,6954.5191
548,25372.1949,36061.8457,7137.0656,290.0813,6120.2692,6904.6375
549,24547.9853,35709.4826,7123.4605,269.6348,6148.7817,6936.8041
550,23694.3280,35309.5710,7117.3249,220.5476,6063.2442,6840.3042
551,22818.0188,34869.7732,7066.2838,240.0309,6330.1873,7141.4585
552,21941.7095,34409.7174,7004.8833,187.0829,6140.1040,6927.0143
553,21054.7215,33935.2816,6977.4509,224.8540,6365.3114,7181.0840
554,20165.4682,33421.9043,6965.2464,177.0170,6216.1373,7012.7919
555,19287.5409,32872.6293,6918.2290,160.3632,6462.0059,7290.1709
556,18404.7597,32309.3943,6861.7636,68.5000,6536.3863,7374.0838
557,17537.2200,31741.3308,6855.4946,43.3621,6358.2865,7173.1589
558,16669.5832,31131.4919,6866.5876,17.5500,6752.5028,7617.8976
559,15823.9512,30490.8985,6827.7732,-14.7535,6559.5269,7400.1901
560,14992.1046,29842.5379,6772.8418,-6.8553,7037.6277,7939.5639
561,14178.9621,29186.9348,6762.9492,1.6205,6809.1145,7681.7646
562,13394.3612,28499.3177,6758.3698,30.3215,7331.8436,8271.4862
563,12629.9528,27779.8967,6711.2634,-15.2531,7255.8103,8185.7085
564,11871.9518,27046.8304,6651.0411,7.3927,7519.4476,8483.1333
565,11158.7370,26313.8690,6636.2801,-41.1809,7668.2084,8650.9593
566,10459.4047,25551.2029,6631.9674,-75.9125,7896.3084,8908.2923
567,9801.2990,24758.8321,6547.3361,-103.8247,8068.2098,9102.2245
568,9169.5344,23985.0399,6474.5091,-126.2512,8079.7801,9115.2776
569,8583.1385,23218.3852,6466.0170,-153.9992,8242.1774,9298.4875
570,8012.1784,22419.9265,6444.4313,-167.6345,8479.7815,9566.5428
571,7478.4323,21618.9487,6374.2275,-178.2249,8517.3849,9608.9655
572,6951.9995,20846.8359,6364.0904,-219.7059,8746.7246,9867.6971
573,6460.4832,20064.0168,6369.6702,-228.4223,8756.6420,9878.8855
574,5996.0199,19263.9837,6351.4857,-223.9852,9044.6595,10203.8151
575,5570.5828,18477.4908,6308.3142,-240.1618,9176.4781,10352.5275
576,5169.7392,17712.9354,6287.4620,-206.7254,9419.4542,10626.6431
577,4791.9360,16944.8112,6275.0574,-212.3057,9507.4710,10725.9401
578,4453.1267,16176.7920,6247.9807,-189.6884,9803.3398,11059.7272
579,4124.8019,15428.5059,6196.9396,-235.4003,9910.3650,11180.4686
580,3817.3494,14710.2395,6175.7762,-246.8704,10177.3081,11481.6229
581,3531.7723,13997.2212,6171.9526,-303.8900,10203.7544,11511.4586
582,3274.3807,13287.0370,6139.6740,-318.3457,10395.9039,11728.2337
583,3036.9876,12605.7178,6092.4787,-365.4045,10633.9212,11996.7552
584,2815.5480,11962.7103,6071.2264,-367.2542,10602.9294,11961.7914
585,2601.5512,11326.4205,6066.8914,-350.8929,10968.6331,12374.3634
586,2419.2349,10694.6441,6035.3909,-363.4075,11067.3938,12485.7812
587,2237.1451,10091.7327,5990.4631,-312.4428,11301.2789,12749.6408
588,2075.3773,9528.7076,5973.5235,-334.8998,11336.8162,12789.7326
589,1929.1424,8976.4937,5966.3209,-330.3571,11728.9663,13232.1403
590,1791.6997,8436.0357,5933.8644,-347.0054,11714.9167,13216.2901
591,1666.8548,7927.9065,5880.9559,-358.1112,11916.5703,13443.7874
592,1552.5592,7458.5090,5854.6795,-377.1065,12132.6867,13687.6012
593,1432.0149,6994.9894,5840.4965,-390.5281,12238.0590,13806.4778
594,1333.1518,6539.4470,5806.8396,-384.8959,12659.9613,14282.4508
595,1240.1847,6116.5484,5757.1767,-393.4612,12648.8042,14269.8638
596,1155.4985,5732.0874,5739.1256,-387.4432,13152.5250,14838.1410
597,1081.9151,5355.6877,5739.4368,-405.8974,13234.3435,14930.4452
598,1008.2410,4990.4246,5711.2486,-409.1292,13637.2374,15384.9737
599,940.9387,4657.3643,5667.6991,-439.2994,13876.9077,15655.3599
600,883.4576,4358.8581,5651.9378,-450.9301,14078.1480,15882.3911
601,817.4302,4062.4827,5645.4687,-464.6283,14544.6786,16408.7117
602,767.9776,3773.8640,5613.9014,-511.2515,14716.9932,16603.1101
603,722.8451,3515.7899,5573.3086,-490.1809,15319.0614,17282.3388
604,681.9356,3291.6189,5566.3950,-494.9661,15359.1442,17327.5586
605,645.7797,3068.1093,5562.9048,-475.7059,15999.2291,18049.6762
606,607.5820,2843.2351,5532.5157,-469.3943,16199.6430,18275.7749
607,569.7596,2642.5445,5487.1656,-446.0969,16767.4136,18916.3105
608,541.6776,2472.2620,5475.7392,-441.9687,16887.6619,19051.9698
609,507.3080,2296.5738,5473.3605,-450.3552,17224.8532,19432.3751
610,482.7403,2119.5840,5445.9726,-491.5382,17593.8627,19848.6766
611,466.3402,1975.5214,5414.0941,-517.6196,17494.6888,19736.7927
612,445.2609,1857.1223,5409.2479,-538.7905,17946.3433,20246.3308
613,430.5533,1727.1878,5404.4239,-566.9508,17849.6487,20137.2439
614,406.4127,1594.0624,5366.7877,-567.0321,18288.9065,20632.7966
615,385.3819,1489.0357,5333.1975,-534.7696,18059.1536,20373.5988
616,368.5676,1406.0304,5329.6851,-539.2643,18466.1798,20832.7891
617,354.8729,1313.1166,5329.6184,-513.7150,18246.3443,20584.7797
618,346.2975,1216.9804,5300.8744,-517.7799,18366.1795,20719.9728
619,344.4756,1145.9934,5272.7973,-530.1368,18262.4601,20602.9608
620,335.6381,1087.7596,5263.7940,-525.2419,18088.9058,20407.1639
621,328.4250,1012.7630,5251.7673,-527.0932,18292.2123,20636.5260
622,309.5365,932.1404,5214.1979,-561.7032,17840.5578,20126.9879
623,286.4185,872.6575,5174.0274,-576.6847,18213.6996,20547.9512
624,274.5100,832.3305,5163.1123,-580.4139,17701.3011,19969.8842
625,262.5401,784.2361,5165.8244,-655.1598,17971.1368,20274.3018
626,258.7992,731.3869,5147.3731,-643.9075,17664.9374,19928.8601
627,255.1070,696.1926,5119.8740,-667.1976,17689.3176,19956.3649
628,242.4510,673.7933,5117.1619,-682.5128,17722.7888,19994.1257
629,239.3379,633.4558,5112.2712,-686.7754,17660.8051,19924.1983
630,231.7883,586.4132,5075.2575,-685.3394,17695.9292,19963.8238
631,217.8638,563.0283,5038.4883,-670.0240,17815.7643,20099.0169
632,223.8213,554.1484,5040.2890,-683.4710,18138.4927,20463.1059
633,226.8534,524.7176,5044.1793,-631.2045,18170.3110,20499.0020
634,221.4105,484.4042,5016.7914,-679.8366,18717.0071,21115.7622
635,220.1873,463.6025,4985.6910,-644.7139,18962.4625,21392.6750
636,214.8770,453.6425,4978.9774,-675.0506,19400.8938,21887.2952
637,212.1685,429.8672,4972.6417,-679.4939,19873.6227,22420.6086
638,222.9217,402.7740,4946.8099,-736.2504,20471.1454,23094.7094
639,226.0024,395.0728,4917.9770,-720.3120,21080.6517,23782.3294
640,236.5938,395.6858,4920.9337,-755.8564,21731.4804,24516.5677
641,229.2672,376.3662,4926.4246,-807.9598,22619.0868,25517.9290
642,227.2317,349.7988,4905.1278,-799.0713,23386.8580,26384.0971
643,218.7825,343.6322,4872.3601,-837.9865,24374.0515,27497.8085
644,207.1361,347.4571,4865.6910,-850.5441,25326.9474,28572.8266
645,198.8649,332.3056,4862.5120,-877.7093,26493.8936,29889.3276
646,206.1948,308.0684,4825.1649,-852.2718,27613.7322,31152.6837
647,199.4866,297.7694,4786.3283,-859.6877,29112.4977,32843.5297
648,198.3701,293.7146,4773.3235,-834.8099,30372.8327,34265.3881
649,204.8033,271.5011,4766.6543,-817.9284,31969.1192,36066.2533
650,195.1438,246.4495,4733.5976,-829.4621,33765.4065,38092.7511
651,194.4966,246.1304,4714.4350,-821.9256,35357.5607,39888.9545
652,182.1782,258.7344,4724.4831,-875.1823,37654.2629,42480.0000
653,182.2364,248.6338,4735.9096,-905.9810,39615.4268,44692.5049
654,175.6544,229.6133,4710.0556,-942.4276,42004.2780,47387.5092
655,174.8907,229.2270,4684.7573,-969.0425,44553.8737,50263.8587
656,176.1689,238.3337,4681.3338,-980.2405,47496.0326,53583.0822
657,180.6627,224.6307,4673.3086,-967.1359,50425.7949,56888.3202
658,173.9966,206.1948,4638.5180,-935.8506,53620.0208,60491.9153
659,178.9962,209.0289,4608.2846,-937.7187,56855.5693,64142.1288
660,178.6370,217.0712,4600.4372,-908.1887,60095.2499,67797.0041
661,183.0703,200.1741,4584.7425,-946.2765,63219.2277,71321.3481
662,191.5357,179.4050,4547.8622,-923.0728,65855.6005,74295.5961
663,188.1641,183.0934,4524.0978,-972.3654,68330.8157,77088.0327
664,186.5947,195.3720,4530.8336,-972.4395,70033.3009,79008.7069
665,187.0865,186.6559,4540.2149,-979.1231,71430.0000,80584.4057
666,176.5669,172.1625,4521.7858,-980.6702,71760.5797,80957.3522
667,185.9254,177.9796,4493.9978,-1013.5453,71665.5380,80850.1300
668,203.3154,182.9506,4484.3720,-1019.5958,70483.7157,79516.8465
669,207.2504,164.4246,4474.5461,-1031.1350,68702.7178,77507.5974
670,212.7645,144.8331,4431.3968,-1048.7026,66045.6838,74510.0403
671,197.3100,145.8596,4397.7399,-1059.8442,62789.4741,70836.5177
672,170.3538,150.0540,4394.8499,-1058.0145,59124.1722,66701.4738
673,149.2318,137.5266,4391.3375,-1047.4283,54793.5786,61815.8753
674,136.2379,124.9047,4364.3053,-1052.8655,50549.7622,57028.1751
675,136.6457,127.2716,4344.3423,-1052.8438,45665.4478,51517.8912
676,153.0833,134.9969,4344.7647,-1070.6669,41002.2084,46257.0152
677,164.2057,126.1779,4343.9644,-1074.0667,36394.7544,41059.0740
678,172.1249,116.1192,4318.1549,-1086.9554,31891.0198,35978.1447
679,168.7675,125.7213,4287.9215,-1120.7125,27704.2284,31254.7778
680,165.2468,136.7078,4286.1652,-1141.2817,23736.4460,26778.4880
681,169.0685,128.1071,4290.3223,-1152.8035,20305.4424,22907.7699
682,163.1686,116.7700,4265.0685,-1164.3005,17112.8693,19306.0395
683,163.3757,128.5742,4243.2382,-1183.6383,14369.0581,16210.5839
684,165.0409,140.3963,4252.0637,-1167.1908,11846.7353,13365.0025
685,153.1292,133.7269,4251.6636,-1192.5585,9837.2242,11097.9542
686,145.2745,121.5721,4216.3394,-1188.7894,8166.1440,9212.7099
687,136.6441,125.9312,4192.2638,-1209.2142,6561.1798,7402.0548
688,129.7197,127.5330,4188.4179,-1211.0200,5449.6057,6148.0223
689,140.0338,110.1709,4185.3057,-1230.9398,4145.8822,4677.2148
690,140.7790,95.6314,4161.3412,-1200.5272,3501.8717,3950.6684
691,146.7439,106.5497,4144.3349,-1188.7030,2604.1826,2937.9323
692,152.5309,117.0219,4142.4009,-1168.2708,2193.4787,2474.5930
693,141.7563,102.8088,4133.3531,-1152.9291,1563.1872,1763.5239
694,134.0290,88.7246,4095.8503,-1165.8714,1315.0459,1483.5810
695,133.2770,96.2054,4064.0385,-1159.4693,796.1185,898.1483
696,126.4163,103.1194,4059.6591,-1174.7458,573.3904,646.8756
697,146.5051,93.0103,4055.3909,-1191.6426,313.9887,354.2292
698,161.8256,84.8280,4026.6469,-1222.2534,68.6531,77.4517
699,162.3292,95.0736,4005.6169,-1199.6134,-67.3349,-75.9645
700,167.5621,100.7500,4004.4165,-1251.1624,-165.6163,-186.8415
701,154.2385,83.6619,3987.0767,-1266.4524,-210.5379,-237.5203
702,140.3706,69.3152,3951.1523,-1251.8907,-491.7372,-554.7579
703,137.6605,83.4500,3934.9907,-1283.7112,-424.9188,-479.3761
704,134.0973,95.9638,3942.5491,-1280.4370,-629.7543,-710.4630
705,149.2936,86.4698,3940.1482,-1280.7785,-576.3243,-650.1855
706,162.8304,80.6174,3922.7195,-1264.9516,-623.5972,-703.5169
707,157.3431,95.4973,3909.0478,-1290.4997,-599.7128,-676.5715
708,157.3642,103.3958,3912.7603,-1238.5909,-549.7953,-620.2566
709,156.3798,89.2079,3906.0911,-1293.4793,-600.8699,-677.8768
710,147.1507,78.1325,3879.9481,-1292.8541,-678.2668,-765.1929
711,150.1307,87.8445,3865.3650,-1294.8572,-804.1763,-907.2389
712,148.2827,94.0983,3873.5458,-1321.3590,-718.1843,-810.2262
713,148.9998,76.8569,3866.8766,-1338.4947,-715.8289,-807.5689
714,152.2681,60.3030,3832.7084,-1326.7527,-610.9939,-689.2983
715,151.2035,67.5419,3809.7666,-1313.4317,-843.6393,-951.7594
716,152.6995,71.6869,3805.3650,-1369.8484,-787.8127,-888.7780
717,153.4826,57.6963,3799.6295,-1345.8380,-845.1269,-953.4376
718,161.2017,49.5136,3773.5754,-1380.7279,-982.6894,-1108.6300
719,167.4427,63.8539,3756.8581,-1390.4879,-904.1354,-1020.0086
720,155.6083,70.1035,3754.1904,-1396.7268,-1176.4504,-1327.2232
721,142.8679,55.5195,3747.0100,-1391.0288,-1136.0370,-1281.6305
722,137.6472,44.6475,3712.1971,-1373.1929,-1285.5003,-1450.2489
723,110.1661,58.7207,3695.1686,-1376.2819,-1174.5082,-1325.0321
724,112.3181,69.2506,3699.7036,-1351.7302,-1357.4427,-1531.4114
725,117.6232,58.0807,3692.1897,-1392.4352,-1226.7398,-1383.9577
726,122.2267,49.6638,3662.4454,-1358.2053,-1469.5919,-1657.9335
727,140.4829,64.8246,3647.0841,-1426.1472,-1424.8397,-1607.4458
728,156.2607,70.7939,3640.1482,-1409.5831,-1432.7736,-1616.3966
729,143.8209,53.3372,3626.0541,-1420.8680,-1579.4683,-1781.8916
730,149.1852,45.3269,3601.7340,-1408.7696,-1520.4185,-1715.2740
731,142.9827,64.3140,3591.4635,-1381.7999,-1585.3361,-1788.5114
732,141.4392,70.6622,3587.5732,-1394.0916,-1486.8233,-1677.3733
733,137.6838,53.2024,3580.5928,-1373.8497,-1611.3692,-1817.8809
734,134.8552,47.5087,3566.0096,-1404.4628,-1508.0218,-1701.2885
735,131.0645,65.8198,3564.4535,-1377.3445,-1712.0307,-1931.4431
736,129.9497,71.4406,3570.2112,-1427.2973,-1553.0219,-1752.0558
737,117.4623,60.4509,3571.5006,-1380.1949,-1594.5923,-1798.9539
738,124.5922,57.9792,3553.3160,-1383.5867,-1602.0717,-1807.3918
739,123.3713,76.6812,3537.8436,-1375.7508,-1769.9235,-1996.7553
740,134.6824,78.7647,3534.8870,-1354.2862,-1721.1217,-1941.6991
741,150.8161,60.0967,3526.8618,-1363.0943,-1629.3445,-1838.1599
742,140.9068,50.8288,3501.1634,-1327.0844,-1790.7913,-2020.2976
743,134.8989,69.0116,3490.7595,-1378.1402,-1676.2455,-1891.0716
744,133.5711,69.5868,3486.6914,-1357.1833,-1864.3040,-2103.2315
745,112.7963,52.6699,3473.8422,-1420.0657,-1816.0807,-2048.8280
746,107.8430,45.9956,3436.3616,-1404.5103,-1863.0643,-2101.8330
747,117.4921,60.2599,3421.3338,-1409.4175,-1896.3289,-2139.3607
748,125.7193,53.3774,3411.7080,-1376.9508,-1814.8410,-2047.4294
749,134.5157,33.5976,3394.2349,-1355.7218,-1783.5186,-2012.0928
750,125.8659,30.7716,3365.1130,-1349.2104,-1857.6511,-2095.7260
751,118.4804,51.7201,3361.6673,-1349.8391,-1954.2217,-2204.6730
752,110.9463,51.0725,3356.9544,-1404.3369,-1889.7586,-2131.9484
753,93.2936,35.5049,3345.5947,-1390.5842,-2020.0070,-2278.8893
754,95.0330,35.1924,3334.7240,-1414.6558,-1901.0810,-2144.7218
755,107.4599,52.9998,3334.3905,-1394.7626,-2078.8089,-2345.2272
756,111.8744,52.5474,3328.5439,-1369.4992,-1982.3623,-2236.4200
757,121.5442,36.0483,3309.8703,-1364.0952,-2090.9990,-2358.9796
758,121.0562,44.0425,3297.5547,-1353.1761,-2004.3458,-2261.2210
759,106.2428,64.1736,3289.7518,-1370.8189,-2046.3294,-2308.5852
760,96.1491,59.1280,3274.9685,-1358.4658,-2161.2885,-2438.2773
761,84.9373,38.1952,3258.7180,-1400.9689,-1922.9406,-2169.3829
762,80.9748,40.8666,3255.4502,-1387.7507,-2017.7756,-2276.3719
763,86.4809,57.6431,3251.6710,-1406.5824,-1988.6846,-2243.5526
764,86.1336,59.5188,3242.9344,-1399.6178,-2094.0982,-2362.4760
765,96.2526,47.5400,3226.3283,-1401.7411,-1900.4611,-2144.0226
766,99.9303,48.2831,3211.4783,-1397.4638,-2069.8006,-2335.0644
767,95.8947,63.9446,3198.5402,-1402.0888,-1943.1886,-2192.2259
768,108.2413,53.1522,3184.4683,-1438.7586,-1998.3127,-2254.4147
769,107.1295,33.3139,3175.1982,-1435.1144,-2026.8665,-2286.6280
770,105.4280,36.9532,3171.8192,-1464.9109,-2056.9080,-2320.5195
771,103.6012,57.0915,3169.1515,-1449.1806,-2111.7015,-2382.3353
772,91.4300,50.1681,3151.0559,-1449.7279,-1952.2382,-2202.4353
773,63.7360,31.4932,3135.7836,-1402.4232,-1875.5437,-2115.9117
774,68.6430,29.4318,3121.7562,-1383.9205,-1874.2627,-2114.4666
775,59.9447,42.3918,3115.0871,-1370.6201,-1899.5934,-2143.0436
776,75.2322,36.5694,3104.4609,-1360.1336,-1788.2707,-2017.4539
777,88.2296,20.6807,3107.5954,-1377.2071,-1957.6514,-2208.5423
778,101.9959,28.2586,3105.2834,-1406.9403,-1879.0974,-2119.9209
779,100.3099,45.7551,3098.5254,-1417.9978,-1951.7010,-2201.8293
780,91.1705,38.4444,3084.3868,-1405.2964,-2036.2054,-2297.1637
781,73.7326,21.2084,3083.0974,-1472.5093,-1852.7337,-2090.1784
782,72.4703,33.6352,3077.8066,-1433.7668,-2068.8915,-2334.0388
783,62.1115,56.8135,3076.8285,-1400.5730,-2062.7344,-2327.0927
784,73.9371,51.6157,3067.0693,-1412.1321,-1958.5192,-2209.5213
785,84.5868,35.5848,3063.1123,-1419.5685,-1889.3041,-2131.4356
786,83.9471,44.7601,3049.2627,-1360.9423,-2103.3131,-2372.8718
787,85.2822,57.8536,3041.9933,-1377.5222,-2032.0732,-2292.5019
788,90.8514,46.1911,3037.4361,-1406.3987,-2079.6353,-2346.1595
789,83.2416,36.4619,3037.5028,-1359.3541,-1909.4694,-2154.1854
790,90.8391,50.5902,3031.9007,-1362.6772,-2032.2385,-2292.6883
791,91.8303,66.0519,3022.2527,-1369.7952,-1986.7838,-2241.4082
792,95.5242,54.3021,3002.5343,-1332.8911,-1933.6844,-2181.5037
793,101.4354,42.5888,2988.9292,-1346.2873,-2109.6767,-2380.0511
794,89.3748,50.4874,2974.5906,-1400.5942,-1939.6348,-2188.2167
795,86.9679,71.9888,2976.8803,-1422.0186,-2186.4539,-2466.6679
796,89.1282,75.8389,2985.9726,-1444.1056,-2003.7673,-2260.5683
797,89.2156,89.1736,3040.2816,-1274.0986,-2215.8755,-2499.8601
798,94.7103,112.9430,3088.1882,-988.2743,-2058.4782,-2322.2910
799,98.7932,137.5654,3129.4702,-768.8185,-991.0365,-1118.0469
800,95.7436,135.0232,3135.7836,-475.9763,-943.8876,-1064.8554
801,85.9796,127.2611,3153.8792,-239.5642,-1060.8301,-1196.7852
802,74.6562,125.7654,3147.2101,-193.5955,-1082.0285,-1220.7004
803,69.0466,132.5796,3123.2234,-246.7732,-1092.0699,-1232.0286
804,70.2529,124.8281,3091.6117,-200.2852,-1008.9291,-1138.2326
805,72.8579,113.9633,3096.3468,-228.8518,-881.8212,-994.8347
806,89.3596,121.5679,3109.8407,-225.2309,-1058.0615,-1193.6618
807,94.1793,135.8366,3089.8777,-226.6548,-1121.5328,-1265.2675
808,98.3321,132.1818,3054.2423,-217.0118,-1202.7728,-1356.9191
809,97.5273,118.7423,3054.5091,-224.1112,-1018.4746,-1149.0014
810,89.1188,123.2956,3067.2249,-262.0872,-966.0364,-1089.8428
811,79.5953,136.3751,3055.9985,-233.9726,-1117.4419,-1260.6523
812,72.7670,134.4123,3041.0597,-288.4329,-1089.8385,-1229.5112
813,64.6670,122.7718,3046.9507,-271.9148,-1234.5497,-1392.7685
814,70.4135,128.8755,3055.5984,-277.5082,-1139.5081,-1285.5464
815,70.6526,133.9956,3029.1886,-270.5405,-1032.4416,-1164.7584
816,71.0157,121.0966,2997.8881,-250.7434,-1112.5245,-1255.1047
817,78.2087,107.3631,3001.5784,-232.2888,-1228.1448,-1385.5427
818,73.3624,114.5941,3019.3627,-232.0039,-1199.2604,-1352.9565
819,76.4515,124.1468,2997.8214,-232.4137,-1190.2934,-1342.8403
820,74.9500,125.1052,2978.2586,-206.7814,-1083.3922,-1222.2388
821,76.1130,118.0516,2980.4150,-265.8915,-955.7884,-1078.2814
822,79.9063,122.5231,2979.8592,-241.6129,-1282.4425,-1446.7992
823,79.5005,133.6912,2961.3635,-258.0441,-1171.1198,-1321.2094
824,67.8412,129.5462,2943.3123,-260.4727,-1234.5084,-1392.7219
825,72.2903,118.9889,2950.0482,-268.1266,-1080.9955,-1219.5349
826,59.2787,125.0999,2953.4717,-250.5423,-1062.9376,-1199.1627
827,65.8950,135.7768,2927.5732,-249.3081,-1127.4419,-1271.9339
828,74.0413,122.6459,2888.6921,-270.7759,-1248.2688,-1408.2458
829,77.7974,107.9709,2886.4468,-258.0013,-1247.8969,-1407.8263
830,81.1890,112.2293,2888.2030,-277.8990,-1167.5247,-1317.1536
831,94.2207,122.1305,2865.3724,-264.5708,-1031.2846,-1163.4531
832,83.3232,114.5017,2845.3205,-272.8154,-1121.2849,-1264.9878
833,85.4120,109.2242,2861.1041,-244.6471,-1216.8637,-1372.8159
834,85.3156,119.7541,2869.4850,-235.0743,-1068.1029,-1204.9900
835,87.4251,127.6516,2838.8737,-217.1598,-1072.8963,-1210.3977
836,95.0200,121.4283,2816.3097,-211.9674,-857.7302,-967.6562
837,97.3072,112.5494,2829.7814,-222.1494,-1030.2515,-1162.2876
838,91.5685,120.9633,2842.0304,-214.9239,-1126.4915,-1270.8617
839,92.6713,132.8210,2827.4472,-260.9296,-1122.6072,-1266.4796
840,89.3237,128.0819,2814.6647,-242.2447,-1108.9295,-1251.0489
841,89.9754,112.1589,2824.1126,-265.0720,-949.6727,-1071.3819
842,97.7648,116.5013,2829.5369,-247.4086,-950.2926,-1072.0812
843,107.2515,125.9879,2806.2616,-259.8771,-1004.3010,-1133.0113
844,108.2621,118.2122,2782.3638,-247.0799,-1108.9295,-1251.0489
845,111.0172,109.9264,2794.7240,-244.0359,-1161.1611,-1309.9744
846,96.5370,124.1920,2805.2167,-246.8433,-937.4413,-1057.5829
847,85.3007,132.5271,2770.4483,-198.5983,-862.9782,-973.5767
848,76.5353,117.4376,2738.0363,-205.9286,-958.7223,-1081.5913
849,82.6617,105.8496,2747.7288,-169.3352,-918.7222,-1036.4648
850,94.5569,113.8772,2753.7977,-177.3486,-1017.6895,-1148.1157
851,99.1194,124.3032,2726.5432,-150.5948,-744.5067,-839.9220
852,96.6484,115.3330,2713.7829,-206.4955,-612.1509,-690.6036
853,97.1807,107.4965,2723.8755,-182.4998,-826.6971,-932.6459
854,100.6814,116.6860,2723.1419,-202.0437,-755.9530,-852.8353
855,94.1288,123.7711,2692.7973,-206.2280,-793.8457,-895.5843
856,101.6134,110.4071,2675.2130,-192.6905,-531.6547,-599.7911
857,120.3262,104.2478,2688.6847,-198.0340,-454.5470,-512.8014
858,123.1270,117.8784,2701.5561,-145.2410,-220.0669,-248.2705
859,112.2880,125.1052,2676.2801,-136.0131,-301.9515,-340.6493
860,95.8449,111.5669,2653.0937,-88.8932,-224.8107,-253.6222
861,88.7134,102.3648,2664.3201,-98.6532,-112.6657,-127.1048
862,76.1434,115.1221,2679.2368,-47.2247,266.6414,300.8140
863,76.1829,125.9690,2660.3853,-100.4694,398.0923,449.1114
864,80.2056,116.7343,2649.6480,-101.8704,574.8780,648.5539
865,93.2315,114.2099,2672.1008,-112.7023,660.4982,745.1470
866,98.5706,126.6250,2671.1893,-143.5769,856.7385,966.5374
867,103.0210,129.6669,2627.7732,-180.5706,1458.9307,1645.9060
868,101.3694,108.5870,2592.7603,-200.7212,1481.6994,1671.5926
869,107.2887,99.8257,2602.2971,-202.3088,1798.7253,2029.2483
870,110.3913,108.4306,2598.0956,-227.1885,1872.4445,2112.4154
871,111.4583,113.7859,2572.6640,-174.1167,1998.3540,2254.4613
872,108.1880,96.3724,2550.7892,-212.6949,2325.7106,2623.7716
873,105.3157,93.6633,2566.2171,-185.1404,2511.5790,2833.4607
874,101.1522,109.5968,2569.3738,-203.6016,2534.5956,2859.4271
875,97.3826,116.1140,2537.3620,-193.9561,2327.8180,2626.1491
876,95.8996,100.2424,2516.3987,-229.1624,2103.1478,2372.6854
877,99.3443,98.7404,2548.7884,-195.3000,2057.0319,2320.6593
878,108.8707,112.9304,2566.2393,-200.6521,1806.6178,2038.1524
879,109.0863,114.3779,2535.2279,-195.7905,1447.4430,1632.9461
880,102.8078,103.9634,2533.1160,-189.8506,897.0692,1012.0368
881,95.2841,105.9042,2568.5735,-235.3919,382.3650,431.3685
882,82.8368,121.2782,2568.9292,-225.1619,59.4630,67.0837
883,74.4339,123.9390,2530.9374,-262.4461,-364.0054,-410.6560
884,74.1158,113.6263,2525.4909,-274.8583,-652.6056,-736.2429
885,80.5561,112.4150,2542.0304,-310.0453,-1118.2683,-1261.5846
886,89.9563,123.5611,2528.1363,-278.8896,-1635.9561,-1845.6188
887,98.6133,121.5532,2483.9867,-313.5194,-1974.7176,-2227.7957
888,102.4991,110.4753,2469.7592,-271.1389,-2081.8667,-2348.6769
889,99.6203,108.8431,2487.6547,-205.8103,-2238.5202,-2525.4069
890,96.3759,118.2584,2485.3872,-222.2189,-2389.1818,-2695.3773
891,95.7342,120.1099,2459.7999,-176.6256,-2698.7697,-3044.6416
892,100.4643,113.2443,2454.2868,-201.7733,-2998.1096,-3382.3447
893,102.2279,113.4405,2472.7381,-202.5902,-3046.0023,-3436.3753
894,106.9835,122.2008,2455.6428,-289.7510,-3224.1434,-3637.3468
895,105.5066,116.9589,2414.4053,-272.1083,-3430.3425,-3869.9721
896,102.2285,101.5975,2400.8225,-309.3883,-3835.7158,-4327.2977
897,89.3522,97.1974,2417.0730,-279.3441,-3927.8236,-4431.2099
898,78.3274,103.2958,2409.2034,-247.1286,-4104.3944,-4630.4100
899,69.4087,101.0653,2373.1901,-241.1262,-4117.4110,-4645.0947
900,61.7258,93.9624,2370.5446,-187.1665,-4047.9479,-4566.7294
901,53.8267,93.9530,2398.4661,-201.6932,-4454.5609,-5025.4535
902,48.4429,107.4765,2403.2012,-185.2919,-4497.1230,-5073.4704
903,37.6425,110.1877,2378.1475,-239.2486,-4559.1067,-5143.3978
904,25.8631,103.6033,2391.7747,-210.7104,-4387.2053,-4949.4657
905,22.1957,107.4104,2424.9648,-266.6974,-4405.8004,-4970.4439
906,8.5295,122.8253,2413.6050,-254.8942,-4559.5200,-5143.8640
907,0.5087,120.3482,2375.6132,-218.4394,-4671.9170,-5270.6658
908,-3.6842,107.9300,2378.1030,-251.7276,-4776.0496,-5388.1439
909,-20.4997,110.8868,2403.5569,-251.3390,-4565.3051,-5150.3906
910,-44.3119,121.2876,2390.9300,-290.2332,-4776.4629,-5388.6101
911,-57.6607,119.5736,2359.0515,-293.4263,-4945.4717,-5579.2790
912,-77.8805,110.3609,2360.6743,-364.0856,-5262.4150,-5936.8414
913,-89.3949,115.6878,2378.7255,-317.8911,-5191.3403,-5856.6579
914,-90.9983,120.4794,2351.9822,-326.6354,-5264.0679,-5938.7061
915,-89.9896,113.9307,2301.8748,-290.4179,-5189.6874,-5854.7932
916,-92.8956,102.3669,2299.5628,-234.9127,-5107.8690,-5762.4889
917,-92.3383,103.2864,2319.4591,-225.9920,-5433.9032,-6130.3074
918,-97.9098,110.1846,2307.3879,-193.3548,-5432.6635,-6128.9088
919,-104.4180,107.9845,2278.4661,-190.7084,-5571.9202,-6286.0125
920,-103.1094,102.5485,2297.6954,-160.6116,-5336.3822,-6020.2882
921,-110.2558,103.5719,2324.3498,-218.8745,-5466.9611,-6167.6020
922,-110.8615,108.7476,2310.4335,-189.1718,-5702.4991,-6433.3264
923,-112.1815,102.0740,2270.6854,-234.8117,-5845.0616,-6594.1595
924,-111.0874,98.9325,2281.9341,-222.6982,-5707.0446,-6438.4544
925,-110.6473,106.5255,2306.7210,-237.2483,-5662.4163,-6388.1066
926,-93.6593,117.9361,2291.2708,-242.2982,-5452.0850,-6150.8194
927,-87.1407,117.5614,2258.1919,-233.7162,-5414.8948,-6108.8630
928,-71.3289,112.8318,2269.2182,-239.9096,-5450.4321,-6148.9547
929,-58.2632,117.1143,2287.1360,-211.1011,-5166.1336,-5828.2208
930,-57.3798,124.3662,2263.3049,-213.6996,-4942.5791,-5576.0157
931,-60.3142,116.6986,2226.0911,-164.2400,-4357.0399,-4915.4343
932,-58.5820,108.8452,2225.6021,-186.0106,-4380.1805,-4941.5406
933,-59.1881,113.7995,2244.6980,-172.1785,-4265.7173,-4812.4078
934,-48.7733,116.6409,2223.6236,-185.5955,-4145.4689,-4676.7486
935,-27.0876,106.7890,2190.3446,-207.5151,-3931.6665,-4435.5455
936,-8.6146,99.7039,2195.4798,-240.4838,-3636.9961,-4103.1103
937,3.9984,103.8301,2224.7573,-265.8918,-3700.3847,-4174.6228
938,10.8303,105.1211,2198.8144,-281.2076,-3541.6239,-3995.5152
939,12.3991,98.6575,2166.8692,-324.6280,-3771.2114,-4254.5266
940,2.4293,92.4090,2173.7829,-276.0384,-3522.9048,-3974.3972
941,5.3608,94.2973,2199.0145,-291.3339,-3511.9957,-3962.0899
942,12.8683,99.9443,2177.0952,-263.9331,-3053.8949,-3445.2794
943,20.5470,98.1221,2152.5750,-231.6448,-3208.1103,-3619.2589
944,26.8100,95.3794,2182.3416,-196.9166,-3223.2757,-3636.3678
945,38.3411,101.0632,2214.0645,-223.4926,-3112.1182,-3510.9646
946,42.8702,115.0234,2189.3442,-201.0621,-2993.5641,-3377.2166
947,49.8755,110.5782,2155.3983,-180.7773,-2762.6542,-3116.7135
948,45.5137,104.0988,2171.6488,-200.6784,-2806.1668,-3165.8026
949,46.9858,108.2039,2185.0315,-174.0321,-2893.2332,-3264.0274
950,50.9101,116.3186,2158.6662,-215.1462,-3051.1676,-3442.2026
951,45.9176,111.0033,2132.7010,-210.5861,-2956.9111,-3335.8662
952,43.2094,107.9404,2148.5069,-254.7717,-3021.0849,-3408.2644
953,50.7101,114.5972,2156.3764,-245.6204,-3036.0436,-3425.1403
954,48.1274,113.8153,2113.2494,-284.3137,-3378.4002,-3811.3729
955,54.7302,99.6819,2076.3913,-237.1293,-3398.1523,-3833.6565
956,58.8499,89.5361,2094.4646,-245.3370,-3383.3175,-3816.9205
957,59.7547,98.5095,2119.4516,-233.7548,-3257.7386,-3675.2475
958,65.2313,102.6209,2091.4190,-192.6167,-3044.7626,-3434.9767
959,64.4074,104.5197,2062.8751,-198.7802,-3231.3335,-3645.4584
960,56.7236,106.1246,2071.5672,-171.3852,-3164.1019,-3569.6104
961,54.4888,113.2023,2083.4161,-176.1467,-3378.4002,-3811.3729
962,55.0201,115.9870,2055.4279,-112.1263,-3046.4155,-3436.8415
963,57.3390,108.8074,2043.3568,-151.4685,-3143.1101,-3545.9283
964,71.1108,102.5453,2074.7462,-100.5709,-3105.0521,-3502.9928
965,83.6202,108.4411,2099.6665,-108.5659,-3335.5074,-3762.9831
966,89.4276,111.0568,2064.8759,-91.6721,-3503.4419,-3952.4399
967,98.3612,97.6467,2031.5747,-88.8708,-3364.9290,-3796.1754
968,97.0577,94.6814,2056.2282,-91.6910,-3444.5987,-3886.0555
969,92.0853,102.2262,2078.8366,-72.3243,-3455.4665,-3898.3161
970,87.4730,96.6799,2059.1849,-92.5243,-3834.3935,-4325.8060
971,94.7805,74.2059,2042.0897,-33.2731,-3714.6823,-4190.7527
972,94.6511,57.7660,2064.9648,-77.6796,-4003.7742,-4516.8944
973,101.3687,63.0614,2070.4557,-50.0105,-3805.9636,-4293.7326
974,103.6750,82.8387,2025.0834,-106.7796,-4226.4610,-4768.1205
975,107.6747,74.9601,1989.4924,-81.9943,-4430.5939,-4998.4149
976,111.9767,85.0328,2015.6132,-109.8984,-4820.2647,-5438.0255
977,116.4698,105.3248,2039.4887,-142.9357,-4983.4884,-5622.1678
978,114.7046,104.0862,1994.3831,-147.0961,-4930.1824,-5562.0302
979,111.1376,72.9938,1960.2594,-181.0274,-5407.4568,-6100.4717
980,107.9103,72.9571,1981.4450,-166.4795,-5591.3417,-6307.9231
981,100.5060,78.2609,1989.6925,-241.6020,-6079.3599,-6858.4853
982,85.8615,76.7641,1943.0085,-194.8722,-6137.6246,-6924.2172
983,78.2449,77.9733,1938.3846,-222.8699,-6414.4851,-7236.5598
984,81.5058,85.9264,1983.9348,-212.4793,-6555.8079,-7395.9944
985,86.7954,96.1373,2004.8092,-227.3216,-6751.2631,-7616.4990
986,87.3096,97.5616,1965.4391,-205.6513,-7324.4056,-8263.0949
987,89.9858,90.3213,1947.9659,-186.9185,-7421.1001,-8372.1818
988,89.4201,83.8377,1981.4227,-181.5964,-7635.1505,-8613.6646
989,73.9805,80.5503,1996.9618,-140.9558,-7563.2494,-8532.5488
990,62.0869,84.0834,1965.0167,-201.3762,-7935.5647,-8952.5797
991,49.0465,78.3639,1946.2986,-174.5517,-8104.5736,-9143.2486
992,39.7057,88.7646,1975.5984,-240.6961,-8439.6987,-9521.3230
993,41.2089,102.7888,1971.2190,-250.7999,-8415.7317,-9494.2844
994,48.0653,116.4152,1922.1341,-275.3205,-8473.1699,-9559.0839
995,45.1497,111.2353,1899.2368,-280.9376,-8635.9804,-9742.7600
996,40.1439,115.3414,1937.4509,-312.3568,-8643.0052,-9750.6851
997,41.4360,115.2774,1945.0982,-311.1697,-9121.5193,-10290.5251
998,30.8006,113.4542,1904.3498,-277.0920,-9181.0236,-10357.6555
999,19.7293,104.9511,1878.7403,-317.5732,-9190.1145,-10367.9115
1000,5.8850,100.2592,1904.5721,-257.8827,-9302.0984,-10494.2471
1001,0.1955,105.5777,1908.0622,-300.7941,-9418.2145,-10625.2446
1002,-18.4837,106.0731,1870.8707,-269.6194,-9712.8436,-10957.6331
1003,-26.5621,96.1856,1863.8014,-311.9382,-9919.8691,-11191.1908
1004,-33.5787,80.7840,1902.9715,-293.1112,-9818.6291,-11076.9760
1005,-32.0044,79.4227,1897.7918,-307.3620,-9971.5222,-11249.4637
1006,-25.7129,70.6697,1841.7933,-289.8910,-10008.2992,-11290.9540
1007,-23.2989,59.7148,1833.3457,-286.4399,-9910.7782,-11180.9348
1008,-31.6623,52.7801,1868.6921,-316.5452,-10238.0521,-11550.1518
1009,-42.7576,62.9671,1876.7173,-290.0887,-9919.0427,-11190.2584
1010,-55.9304,74.6474,1848.9292,-311.8863,-9905.4063,-11174.8744
1011,-74.3960,76.8475,1849.7740,-277.0003,-9806.2324,-11062.9905
1012,-87.0413,84.6640,1875.1167,-279.2999,-9795.0753,-11050.4035
1013,-87.6254,100.9625,1864.9574,-202.2155,-9948.3816,-11223.3574
1014,-79.8788,102.9883,1824.8314,-218.6466,-9903.7534,-11173.0097
1015,-81.2340,92.7459,1833.5902,-197.3066,-9656.6451,-10894.2322
1016,-88.3509,93.9142,1888.5217,-162.2606,-9713.2569,-10958.0993
1017,-92.7639,99.7029,1890.0778,-172.9780,-9916.9766,-11187.9275
1018,-110.9098,91.0675,1843.2382,-165.9734,-9866.5632,-11131.0532
1019,-130.2264,84.9712,1831.5895,-157.4365,-10043.4233,-11330.5796
1020,-147.5471,90.0305,1847.4843,-152.8692,-9959.9519,-11236.4106
1021,-156.8746,95.1601,1824.9870,-176.3356,-9951.6874,-11227.0869
1022,-167.9110,93.9467,1784.4609,-148.6636,-10009.1257,-11291.8864
1023,-171.7909,97.1953,1797.5547,-186.9775,-10343.8376,-11669.4946
1024,-175.0774,97.3034,1829.7666,-159.2875,-10365.3252,-11693.7362
1025,-183.5784,90.1197,1814.6054,-148.5221,-10390.5319,-11722.1733
1026,-185.4002,80.0128,1770.1223,-126.5278,-10120.6963,-11417.7558
1027,-188.7139,74.5379,1773.3235,-92.0744,-10145.0765,-11445.2606
1028,-190.1766,73.4147,1810.1371,-79.8556,-10238.0521,-11550.1518
1029,-196.1697,79.1657,1806.9359,-68.5904,-10342.1847,-11667.6299
1030,-191.4386,81.7657,1775.8133,-65.3771,-10297.1432,-11616.8160
1031,-199.2892,83.6004,1792.0415,-70.1646,-9963.2577,-11240.1400
1032,-193.8268,84.4212,1826.4320,-139.2635,-10177.3081,-11481.6229
1033,-196.2926,84.1368,1798.9552,-113.2651,-10027.7208,-11312.8646
1034,-188.9838,81.1033,1755.2946,-147.5349,-10264.4984,-11579.9875
1035,-188.3851,80.2657,1761.8525,-168.8910,-10107.0599,-11402.3717
1036,-178.6383,86.4985,1788.8625,-186.1769,-10047.5555,-11335.2414
1037,-173.3151,89.6957,1765.4983,-165.0163,-9833.0920,-11093.2924
1038,-176.1725,90.2667,1727.8399,-198.4656,-9878.5467,-11144.5725
1039,-184.0217,86.7777,1730.5965,-205.2555,-9940.5304,-11214.5000
1040,-186.4617,87.0401,1766.5432,-188.4172,-9851.6871,-11114.2706
1041,-197.5708,85.6661,1752.9381,-231.6256,-9866.1499,-11130.5870
1042,-204.8260,84.7120,1725.8837,-199.4489,-9596.7275,-10826.6357
1043,-203.3406,83.6655,1745.0463,-226.5506,-9776.4802,-11029.4253
1044,-198.1307,86.6559,1780.2816,-186.8769,-9775.2405,-11028.0267
1045,-196.5774,88.1884,1748.6921,-182.6696,-9921.5220,-11193.0555
1046,-193.7880,85.2599,1703.4309,-131.7288,-9735.5710,-10983.2732
1047,-194.7199,82.3157,1712.1675,-161.1174,-9499.6198,-10717.0826
1048,-201.4767,80.7706,1737.1767,-135.2959,-9412.8426,-10619.1842
1049,-210.3078,82.5266,1717.9252,-105.1339,-9402.5120,-10607.5296
1050,-220.0028,83.0966,1687.4472,-160.4566,-9624.8268,-10858.3361
1051,-221.3231,82.4553,1697.6732,-134.4528,-9447.9667,-10658.8097
1052,-231.0829,78.1402,1713.3679,-154.7001,-9484.7437,-10700.3000
1053,-234.4969,79.8658,1692.4713,-117.9518,-9066.5604,-10228.5228
1054,-235.8107,82.7303,1668.9070,-173.4875,-9346.3134,-10544.1287
1055,-230.4389,83.1260,1690.7595,-107.3898,-9067.8001,-10229.9213
1056,-232.7527,82.8867,1722.6825,-103.2021,-9173.9988,-10349.7304
1057,-228.9342,85.6000,1705.3872,-81.6282,-8747.1378,-9868.1633
1058,-219.7731,88.2251,1675.2871,-57.8201,-8329.3678,-9396.8522
1059,-218.2586,85.1738,1683.5791,-73.7413,-8515.7320,-9607.1007
1060,-215.5307,86.5530,1709.0552,-66.8488,-8266.1444,-9325.5262
1061,-214.3657,90.3149,1680.7114,-119.0560,-8595.8976,-9697.5402
1062,-206.9197,92.4583,1643.0085,-111.8822,-8119.8629,-9160.4974
1063,-211.8934,90.2257,1659.2812,-184.2137,-8030.6064,-9059.8018
1064,-208.4859,91.0392,1684.2016,-168.4654,-7959.5318,-8979.6183
1065,-210.1913,94.3875,1652.8788,-214.0306,-8146.7225,-9190.7992
1066,-212.9839,92.3124,1617.6436,-217.8220,-8264.0783,-9323.1952
1067,-220.9768,92.0615,1651.7673,-202.3272,-8096.7223,-9134.3911
1068,-216.9060,90.5962,1681.1115,-201.4046,-8247.1361,-9304.0817
1069,-218.4560,89.9980,1653.1011,-142.1530,-7942.5896,-8960.5048
1070,-221.1484,83.7736,1623.1123,-147.6288,-8398.7895,-9475.1709
1071,-207.9649,83.5773,1656.2579,-87.5674,-8353.3348,-9423.8908
1072,-195.4448,83.6351,1676.5543,-111.3010,-8496.3105,-9585.1901
1073,-195.9949,82.7702,1642.2749,-61.2326,-8231.8468,-9286.8330
1074,-190.7947,82.6704,1619.6443,-107.3058,-8131.4332,-9173.5505
1075,-186.2707,86.3095,1647.1656,-88.3511,-8140.5241,-9183.8065
1076,-193.3090,90.4640,1674.1979,-86.7794,-8075.6479,-9110.6158
1077,-195.1536,89.6883,1644.8759,-95.6283,-8163.6647,-9209.9128
1078,-186.9309,90.3296,1615.1315,-68.5348,-7871.9282,-8880.7875
1079,-194.2960,86.7399,1628.7143,-80.9663,-7675.6465,-8659.3505
1080,-188.4324,85.6378,1644.6091,-41.6308,-7559.9436,-8528.8193
1081,-188.6039,83.8250,1606.5283,-71.8086,-7644.2414,-8623.9206
1082,-188.0764,88.2891,1585.5428,-10.4541,-7462.4226,-8418.8001
1083,-186.7011,90.8198,1617.5547,-57.6065,-7254.5706,-8184.3100
1084,-179.5657,93.2781,1643.0308,-15.1669,-7114.0743,-8025.8078
1085,-174.2713,92.0112,1610.4631,20.4924,-6817.3790,-7691.0883
1086,-165.6687,92.3922,1580.0963,24.6139,-6871.0982,-7751.6921
1087,-163.3744,91.8894,1600.8373,37.3523,-6723.5771,-7585.2648
1088,-168.3158,89.4091,1615.0204,20.8295,-6716.9655,-7577.8058
1089,-170.2444,88.1013,1584.0534,25.3333,-6418.2041,-7240.7555
1090,-180.4835,90.7191,1563.0456,-44.2968,-6418.2041,-7240.7555
1091,-180.2660,92.7029,1595.1686,8.1556,-6270.2697,-7073.8619
1092,-177.2174,90.2971,1601.2597,-55.6137,-6366.5510,-7182.4826
1093,-174.2111,88.8297,1564.0682,-33.9954,-6221.9224,-7019.3185
1094,-170.6159,86.9551,1541.2820,-31.1503,-6046.3020,-6821.1907
1095,-158.7919,84.6249,1571.3375,-32.6874,-5899.1940,-6655.2295
1096,-158.8003,79.4984,1581.6080,-45.0098,-5818.6152,-6564.3238
1097,-158.5379,77.0098,1549.4628,-30.5096,-5841.7558,-6590.4301
1098,-150.0566,82.5182,1537.2582,10.0434,-5694.6479,-6424.4689
1099,-144.0885,89.6127,1573.7384,-27.8452,-5635.9700,-6358.2709
1100,-143.5316,94.8704,1586.2986,34.4035,-5182.2494,-5846.4019